batch_size,eps,fname,norm,steps,trials,acc,robust-acc
1000,1.0,comps_100_normalized_0_freezed_0_008,l2,40,1,0.9291,0.2117
1000,2.0,comps_100_normalized_0_freezed_0_008,l2,40,1,0.9291,0.0049
1000,0.3,comps_100_normalized_0_freezed_0_008,linf,40,1,0.9291,0.0
1000,0.15,comps_100_normalized_0_freezed_0_008,linf,40,1,0.9291,0.0002
1000,1.0,comps_100_normalized_0_freezed_0_008,l2,100,1,0.9291,0.2093
1000,2.0,comps_100_normalized_0_freezed_0_008,l2,100,1,0.9291,0.0046
1000,0.3,comps_100_normalized_0_freezed_0_008,linf,100,1,0.9291,0.0
1000,0.15,comps_100_normalized_0_freezed_0_008,linf,100,1,0.9291,0.0001
1000,1.0,comps_100_normalized_0_freezed_0_008,l2,40,10,0.9291,0.2038
1000,2.0,comps_100_normalized_0_freezed_0_008,l2,40,10,0.9291,0.0038
1000,0.3,comps_100_normalized_0_freezed_0_008,linf,40,10,0.9291,0.0
1000,0.15,comps_100_normalized_0_freezed_0_008,linf,40,10,0.9291,0.0
1000,1.0,comps_100_normalized_0_freezed_0_008,l2,100,10,0.9291,0.2031
1000,2.0,comps_100_normalized_0_freezed_0_008,l2,100,10,0.9291,0.0037
1000,0.3,comps_100_normalized_0_freezed_0_008,linf,100,10,0.9291,0.0
1000,0.15,comps_100_normalized_0_freezed_0_008,linf,100,10,0.9291,0.0
1000,1.0,comps_100_normalized_0_freezed_1_009,l2,40,1,0.8838,0.554
1000,2.0,comps_100_normalized_0_freezed_1_009,l2,40,1,0.8838,0.1052
1000,0.3,comps_100_normalized_0_freezed_1_009,linf,40,1,0.8838,0.0
1000,0.15,comps_100_normalized_0_freezed_1_009,linf,40,1,0.8838,0.0344
1000,1.0,comps_100_normalized_0_freezed_1_009,l2,100,1,0.8838,0.5522
1000,2.0,comps_100_normalized_0_freezed_1_009,l2,100,1,0.8838,0.1036
1000,0.3,comps_100_normalized_0_freezed_1_009,linf,100,1,0.8838,0.0
1000,0.15,comps_100_normalized_0_freezed_1_009,linf,100,1,0.8838,0.0335
1000,1.0,comps_100_normalized_0_freezed_1_009,l2,40,10,0.8838,0.5482
1000,2.0,comps_100_normalized_0_freezed_1_009,l2,40,10,0.8838,0.0946
1000,0.3,comps_100_normalized_0_freezed_1_009,linf,40,10,0.8838,0.0
1000,0.15,comps_100_normalized_0_freezed_1_009,linf,40,10,0.8838,0.0303
1000,1.0,comps_100_normalized_0_freezed_1_009,l2,100,10,0.8838,0.5475
1000,2.0,comps_100_normalized_0_freezed_1_009,l2,100,10,0.8838,0.0935
1000,0.3,comps_100_normalized_0_freezed_1_009,linf,100,10,0.8838,0.0
1000,0.15,comps_100_normalized_0_freezed_1_009,linf,100,10,0.8838,0.0304
1000,1.0,comps_100_normalized_1_freezed_0_001,l2,40,1,0.1001,0.1001
1000,2.0,comps_100_normalized_1_freezed_0_001,l2,40,1,0.1001,0.1001
1000,0.3,comps_100_normalized_1_freezed_0_001,linf,40,1,0.1001,0.1001
1000,0.15,comps_100_normalized_1_freezed_0_001,linf,40,1,0.1001,0.1001
1000,1.0,comps_100_normalized_1_freezed_0_001,l2,100,1,0.1001,0.1001
1000,2.0,comps_100_normalized_1_freezed_0_001,l2,100,1,0.1001,0.1001
1000,0.3,comps_100_normalized_1_freezed_0_001,linf,100,1,0.1001,0.1001
1000,0.15,comps_100_normalized_1_freezed_0_001,linf,100,1,0.1001,0.1001
1000,1.0,comps_100_normalized_1_freezed_0_001,l2,40,10,0.1001,0.1001
1000,2.0,comps_100_normalized_1_freezed_0_001,l2,40,10,0.1001,0.1001
1000,0.3,comps_100_normalized_1_freezed_0_001,linf,40,10,0.1001,0.1001
1000,0.15,comps_100_normalized_1_freezed_0_001,linf,40,10,0.1001,0.1001
1000,1.0,comps_100_normalized_1_freezed_0_001,l2,100,10,0.1001,0.1001
1000,2.0,comps_100_normalized_1_freezed_0_001,l2,100,10,0.1001,0.1001
1000,0.3,comps_100_normalized_1_freezed_0_001,linf,100,10,0.1001,0.1001
1000,0.15,comps_100_normalized_1_freezed_0_001,linf,100,10,0.1001,0.1001
1000,1.0,comps_100_normalized_1_freezed_1_001,l2,40,1,0.1001,0.1001
1000,2.0,comps_100_normalized_1_freezed_1_001,l2,40,1,0.1001,0.1001
1000,0.3,comps_100_normalized_1_freezed_1_001,linf,40,1,0.1001,0.1001
1000,0.15,comps_100_normalized_1_freezed_1_001,linf,40,1,0.1001,0.1001
1000,1.0,comps_100_normalized_1_freezed_1_001,l2,100,1,0.1001,0.1001
1000,2.0,comps_100_normalized_1_freezed_1_001,l2,100,1,0.1001,0.1001
1000,0.3,comps_100_normalized_1_freezed_1_001,linf,100,1,0.1001,0.1001
1000,0.15,comps_100_normalized_1_freezed_1_001,linf,100,1,0.1001,0.1001
1000,1.0,comps_100_normalized_1_freezed_1_001,l2,40,10,0.1001,0.1001
1000,2.0,comps_100_normalized_1_freezed_1_001,l2,40,10,0.1001,0.1001
1000,0.3,comps_100_normalized_1_freezed_1_001,linf,40,10,0.1001,0.1001
1000,0.15,comps_100_normalized_1_freezed_1_001,linf,40,10,0.1001,0.1001
1000,1.0,comps_100_normalized_1_freezed_1_001,l2,100,10,0.1001,0.1001
1000,2.0,comps_100_normalized_1_freezed_1_001,l2,100,10,0.1001,0.1001
1000,0.3,comps_100_normalized_1_freezed_1_001,linf,100,10,0.1001,0.1001
1000,0.15,comps_100_normalized_1_freezed_1_001,linf,100,10,0.1001,0.1001
1000,1.0,comps_10_normalized_0_freezed_0_010,l2,40,1,0.917,0.3481
1000,2.0,comps_10_normalized_0_freezed_0_010,l2,40,1,0.917,0.0135
1000,0.3,comps_10_normalized_0_freezed_0_010,linf,40,1,0.917,0.0
1000,0.15,comps_10_normalized_0_freezed_0_010,linf,40,1,0.917,0.0007
1000,1.0,comps_10_normalized_0_freezed_0_010,l2,100,1,0.917,0.3472
1000,2.0,comps_10_normalized_0_freezed_0_010,l2,100,1,0.917,0.0131
1000,0.3,comps_10_normalized_0_freezed_0_010,linf,100,1,0.917,0.0
1000,0.15,comps_10_normalized_0_freezed_0_010,linf,100,1,0.917,0.0007
1000,1.0,comps_10_normalized_0_freezed_0_010,l2,40,10,0.917,0.3376
1000,2.0,comps_10_normalized_0_freezed_0_010,l2,40,10,0.917,0.0114
1000,0.3,comps_10_normalized_0_freezed_0_010,linf,40,10,0.917,0.0
1000,0.15,comps_10_normalized_0_freezed_0_010,linf,40,10,0.917,0.0006
1000,1.0,comps_10_normalized_0_freezed_0_010,l2,100,10,0.917,0.3355
1000,2.0,comps_10_normalized_0_freezed_0_010,l2,100,10,0.917,0.0113
1000,0.3,comps_10_normalized_0_freezed_0_010,linf,100,10,0.917,0.0
1000,0.15,comps_10_normalized_0_freezed_0_010,linf,100,10,0.917,0.0006
1000,1.0,comps_10_normalized_0_freezed_1_010,l2,40,1,0.7467,0.4931
1000,2.0,comps_10_normalized_0_freezed_1_010,l2,40,1,0.7467,0.2146
1000,0.3,comps_10_normalized_0_freezed_1_010,linf,40,1,0.7467,0.0016
1000,0.15,comps_10_normalized_0_freezed_1_010,linf,40,1,0.7467,0.1547
1000,1.0,comps_10_normalized_0_freezed_1_010,l2,100,1,0.7467,0.4919
1000,2.0,comps_10_normalized_0_freezed_1_010,l2,100,1,0.7467,0.2145
1000,0.3,comps_10_normalized_0_freezed_1_010,linf,100,1,0.7467,0.0017
1000,0.15,comps_10_normalized_0_freezed_1_010,linf,100,1,0.7467,0.1542
1000,1.0,comps_10_normalized_0_freezed_1_010,l2,40,10,0.7467,0.4896
1000,2.0,comps_10_normalized_0_freezed_1_010,l2,40,10,0.7467,0.2067
1000,0.3,comps_10_normalized_0_freezed_1_010,linf,40,10,0.7467,0.0012
1000,0.15,comps_10_normalized_0_freezed_1_010,linf,40,10,0.7467,0.1507
1000,1.0,comps_10_normalized_0_freezed_1_010,l2,100,10,0.7467,0.4897
1000,2.0,comps_10_normalized_0_freezed_1_010,l2,100,10,0.7467,0.2066
1000,0.3,comps_10_normalized_0_freezed_1_010,linf,100,10,0.7467,0.0013
1000,0.15,comps_10_normalized_0_freezed_1_010,linf,100,10,0.7467,0.1503
1000,1.0,comps_10_normalized_1_freezed_0_001,l2,40,1,0.1001,0.1001
1000,2.0,comps_10_normalized_1_freezed_0_001,l2,40,1,0.1001,0.1001
1000,0.3,comps_10_normalized_1_freezed_0_001,linf,40,1,0.1001,0.1001
1000,0.15,comps_10_normalized_1_freezed_0_001,linf,40,1,0.1001,0.1001
1000,1.0,comps_10_normalized_1_freezed_0_001,l2,100,1,0.1001,0.1001
1000,2.0,comps_10_normalized_1_freezed_0_001,l2,100,1,0.1001,0.1001
1000,0.3,comps_10_normalized_1_freezed_0_001,linf,100,1,0.1001,0.1001
1000,0.15,comps_10_normalized_1_freezed_0_001,linf,100,1,0.1001,0.1001
1000,1.0,comps_10_normalized_1_freezed_0_001,l2,40,10,0.1001,0.1001
1000,2.0,comps_10_normalized_1_freezed_0_001,l2,40,10,0.1001,0.1001
1000,0.3,comps_10_normalized_1_freezed_0_001,linf,40,10,0.1001,0.1001
1000,0.15,comps_10_normalized_1_freezed_0_001,linf,40,10,0.1001,0.1001
1000,1.0,comps_10_normalized_1_freezed_0_001,l2,100,10,0.1001,0.1001
1000,2.0,comps_10_normalized_1_freezed_0_001,l2,100,10,0.1001,0.1001
1000,0.3,comps_10_normalized_1_freezed_0_001,linf,100,10,0.1001,0.1001
1000,0.15,comps_10_normalized_1_freezed_0_001,linf,100,10,0.1001,0.1001
1000,1.0,comps_10_normalized_1_freezed_1_001,l2,40,1,0.1001,0.1001
1000,2.0,comps_10_normalized_1_freezed_1_001,l2,40,1,0.1001,0.1001
1000,0.3,comps_10_normalized_1_freezed_1_001,linf,40,1,0.1001,0.1001
1000,0.15,comps_10_normalized_1_freezed_1_001,linf,40,1,0.1001,0.1001
1000,1.0,comps_10_normalized_1_freezed_1_001,l2,100,1,0.1001,0.1001
1000,2.0,comps_10_normalized_1_freezed_1_001,l2,100,1,0.1001,0.1001
1000,0.3,comps_10_normalized_1_freezed_1_001,linf,100,1,0.1001,0.1001
1000,0.15,comps_10_normalized_1_freezed_1_001,linf,100,1,0.1001,0.1001
1000,1.0,comps_10_normalized_1_freezed_1_001,l2,40,10,0.1001,0.1001
1000,2.0,comps_10_normalized_1_freezed_1_001,l2,40,10,0.1001,0.1001
1000,0.3,comps_10_normalized_1_freezed_1_001,linf,40,10,0.1001,0.1001
1000,0.15,comps_10_normalized_1_freezed_1_001,linf,40,10,0.1001,0.1001
1000,1.0,comps_10_normalized_1_freezed_1_001,l2,100,10,0.1001,0.1001
1000,2.0,comps_10_normalized_1_freezed_1_001,l2,100,10,0.1001,0.1001
1000,0.3,comps_10_normalized_1_freezed_1_001,linf,100,10,0.1001,0.1001
1000,0.15,comps_10_normalized_1_freezed_1_001,linf,100,10,0.1001,0.1001
1000,1.0,comps_20_normalized_0_freezed_0_010,l2,40,1,0.9253,0.3197
1000,2.0,comps_20_normalized_0_freezed_0_010,l2,40,1,0.9253,0.0166
1000,0.3,comps_20_normalized_0_freezed_0_010,linf,40,1,0.9253,0.0
1000,0.15,comps_20_normalized_0_freezed_0_010,linf,40,1,0.9253,0.0033
1000,1.0,comps_20_normalized_0_freezed_0_010,l2,100,1,0.9253,0.3174
1000,2.0,comps_20_normalized_0_freezed_0_010,l2,100,1,0.9253,0.017
1000,0.3,comps_20_normalized_0_freezed_0_010,linf,100,1,0.9253,0.0
1000,0.15,comps_20_normalized_0_freezed_0_010,linf,100,1,0.9253,0.0032
1000,1.0,comps_20_normalized_0_freezed_0_010,l2,40,10,0.9253,0.3091
1000,2.0,comps_20_normalized_0_freezed_0_010,l2,40,10,0.9253,0.0152
1000,0.3,comps_20_normalized_0_freezed_0_010,linf,40,10,0.9253,0.0
1000,0.15,comps_20_normalized_0_freezed_0_010,linf,40,10,0.9253,0.0028
1000,1.0,comps_20_normalized_0_freezed_0_010,l2,100,10,0.9253,0.3081
1000,2.0,comps_20_normalized_0_freezed_0_010,l2,100,10,0.9253,0.0148
1000,0.3,comps_20_normalized_0_freezed_0_010,linf,100,10,0.9253,0.0
1000,0.15,comps_20_normalized_0_freezed_0_010,linf,100,10,0.9253,0.0026
1000,1.0,comps_20_normalized_0_freezed_1_010,l2,40,1,0.8101,0.5262
1000,2.0,comps_20_normalized_0_freezed_1_010,l2,40,1,0.8101,0.1902
1000,0.3,comps_20_normalized_0_freezed_1_010,linf,40,1,0.8101,0.0001
1000,0.15,comps_20_normalized_0_freezed_1_010,linf,40,1,0.8101,0.1033
1000,1.0,comps_20_normalized_0_freezed_1_010,l2,100,1,0.8101,0.5254
1000,2.0,comps_20_normalized_0_freezed_1_010,l2,100,1,0.8101,0.1891
1000,0.3,comps_20_normalized_0_freezed_1_010,linf,100,1,0.8101,0.0001
1000,0.15,comps_20_normalized_0_freezed_1_010,linf,100,1,0.8101,0.1035
1000,1.0,comps_20_normalized_0_freezed_1_010,l2,40,10,0.8101,0.5224
1000,2.0,comps_20_normalized_0_freezed_1_010,l2,40,10,0.8101,0.1807
1000,0.3,comps_20_normalized_0_freezed_1_010,linf,40,10,0.8101,0.0
1000,0.15,comps_20_normalized_0_freezed_1_010,linf,40,10,0.8101,0.1002
1000,1.0,comps_20_normalized_0_freezed_1_010,l2,100,10,0.8101,0.5214
1000,2.0,comps_20_normalized_0_freezed_1_010,l2,100,10,0.8101,0.1788
1000,0.3,comps_20_normalized_0_freezed_1_010,linf,100,10,0.8101,0.0
1000,0.15,comps_20_normalized_0_freezed_1_010,linf,100,10,0.8101,0.1001
1000,1.0,comps_20_normalized_1_freezed_0_001,l2,40,1,0.1001,0.1001
1000,2.0,comps_20_normalized_1_freezed_0_001,l2,40,1,0.1001,0.1001
1000,0.3,comps_20_normalized_1_freezed_0_001,linf,40,1,0.1001,0.1001
1000,0.15,comps_20_normalized_1_freezed_0_001,linf,40,1,0.1001,0.1001
1000,1.0,comps_20_normalized_1_freezed_0_001,l2,100,1,0.1001,0.1001
1000,2.0,comps_20_normalized_1_freezed_0_001,l2,100,1,0.1001,0.1001
1000,0.3,comps_20_normalized_1_freezed_0_001,linf,100,1,0.1001,0.1001
1000,0.15,comps_20_normalized_1_freezed_0_001,linf,100,1,0.1001,0.1001
1000,1.0,comps_20_normalized_1_freezed_0_001,l2,40,10,0.1001,0.1001
1000,2.0,comps_20_normalized_1_freezed_0_001,l2,40,10,0.1001,0.1001
1000,0.3,comps_20_normalized_1_freezed_0_001,linf,40,10,0.1001,0.1001
1000,0.15,comps_20_normalized_1_freezed_0_001,linf,40,10,0.1001,0.1001
1000,1.0,comps_20_normalized_1_freezed_0_001,l2,100,10,0.1001,0.1001
1000,2.0,comps_20_normalized_1_freezed_0_001,l2,100,10,0.1001,0.1001
1000,0.3,comps_20_normalized_1_freezed_0_001,linf,100,10,0.1001,0.1001
1000,0.15,comps_20_normalized_1_freezed_0_001,linf,100,10,0.1001,0.1001
1000,1.0,comps_20_normalized_1_freezed_1_001,l2,40,1,0.1001,0.1001
1000,2.0,comps_20_normalized_1_freezed_1_001,l2,40,1,0.1001,0.1001
1000,0.3,comps_20_normalized_1_freezed_1_001,linf,40,1,0.1001,0.1001
1000,0.15,comps_20_normalized_1_freezed_1_001,linf,40,1,0.1001,0.1001
1000,1.0,comps_20_normalized_1_freezed_1_001,l2,100,1,0.1001,0.1001
1000,2.0,comps_20_normalized_1_freezed_1_001,l2,100,1,0.1001,0.1001
1000,0.3,comps_20_normalized_1_freezed_1_001,linf,100,1,0.1001,0.1001
1000,0.15,comps_20_normalized_1_freezed_1_001,linf,100,1,0.1001,0.1001
1000,1.0,comps_20_normalized_1_freezed_1_001,l2,40,10,0.1001,0.1001
1000,2.0,comps_20_normalized_1_freezed_1_001,l2,40,10,0.1001,0.1001
1000,0.3,comps_20_normalized_1_freezed_1_001,linf,40,10,0.1001,0.1001
1000,0.15,comps_20_normalized_1_freezed_1_001,linf,40,10,0.1001,0.1001
1000,1.0,comps_20_normalized_1_freezed_1_001,l2,100,10,0.1001,0.1001
1000,2.0,comps_20_normalized_1_freezed_1_001,l2,100,10,0.1001,0.1001
1000,0.3,comps_20_normalized_1_freezed_1_001,linf,100,10,0.1001,0.1001
1000,0.15,comps_20_normalized_1_freezed_1_001,linf,100,10,0.1001,0.1001
1000,1.0,comps_30_normalized_0_freezed_0_009,l2,40,1,0.9263,0.2949
1000,2.0,comps_30_normalized_0_freezed_0_009,l2,40,1,0.9263,0.0126
1000,0.3,comps_30_normalized_0_freezed_0_009,linf,40,1,0.9263,0.0
1000,0.15,comps_30_normalized_0_freezed_0_009,linf,40,1,0.9263,0.0011
1000,1.0,comps_30_normalized_0_freezed_0_009,l2,100,1,0.9263,0.2927
1000,2.0,comps_30_normalized_0_freezed_0_009,l2,100,1,0.9263,0.012
1000,0.3,comps_30_normalized_0_freezed_0_009,linf,100,1,0.9263,0.0
1000,0.15,comps_30_normalized_0_freezed_0_009,linf,100,1,0.9263,0.001
1000,1.0,comps_30_normalized_0_freezed_0_009,l2,40,10,0.9263,0.2851
1000,2.0,comps_30_normalized_0_freezed_0_009,l2,40,10,0.9263,0.011
1000,0.3,comps_30_normalized_0_freezed_0_009,linf,40,10,0.9263,0.0
1000,0.15,comps_30_normalized_0_freezed_0_009,linf,40,10,0.9263,0.001
1000,1.0,comps_30_normalized_0_freezed_0_009,l2,100,10,0.9263,0.284
1000,2.0,comps_30_normalized_0_freezed_0_009,l2,100,10,0.9263,0.0111
1000,0.3,comps_30_normalized_0_freezed_0_009,linf,100,10,0.9263,0.0
1000,0.15,comps_30_normalized_0_freezed_0_009,linf,100,10,0.9263,0.001
1000,1.0,comps_30_normalized_0_freezed_1_010,l2,40,1,0.8501,0.5515
1000,2.0,comps_30_normalized_0_freezed_1_010,l2,40,1,0.8501,0.171
1000,0.3,comps_30_normalized_0_freezed_1_010,linf,40,1,0.8501,0.0
1000,0.15,comps_30_normalized_0_freezed_1_010,linf,40,1,0.8501,0.0788
1000,1.0,comps_30_normalized_0_freezed_1_010,l2,100,1,0.8501,0.5518
1000,2.0,comps_30_normalized_0_freezed_1_010,l2,100,1,0.8501,0.1701
1000,0.3,comps_30_normalized_0_freezed_1_010,linf,100,1,0.8501,0.0
1000,0.15,comps_30_normalized_0_freezed_1_010,linf,100,1,0.8501,0.0784
1000,1.0,comps_30_normalized_0_freezed_1_010,l2,40,10,0.8501,0.548
1000,2.0,comps_30_normalized_0_freezed_1_010,l2,40,10,0.8501,0.1625
1000,0.3,comps_30_normalized_0_freezed_1_010,linf,40,10,0.8501,0.0
1000,0.15,comps_30_normalized_0_freezed_1_010,linf,40,10,0.8501,0.0738
1000,1.0,comps_30_normalized_0_freezed_1_010,l2,100,10,0.8501,0.5479
1000,2.0,comps_30_normalized_0_freezed_1_010,l2,100,10,0.8501,0.1612
1000,0.3,comps_30_normalized_0_freezed_1_010,linf,100,10,0.8501,0.0
1000,0.15,comps_30_normalized_0_freezed_1_010,linf,100,10,0.8501,0.0736
1000,1.0,comps_30_normalized_1_freezed_0_001,l2,40,1,0.1001,0.1001
1000,2.0,comps_30_normalized_1_freezed_0_001,l2,40,1,0.1001,0.1001
1000,0.3,comps_30_normalized_1_freezed_0_001,linf,40,1,0.1001,0.1001
1000,0.15,comps_30_normalized_1_freezed_0_001,linf,40,1,0.1001,0.1001
1000,1.0,comps_30_normalized_1_freezed_0_001,l2,100,1,0.1001,0.1001
1000,2.0,comps_30_normalized_1_freezed_0_001,l2,100,1,0.1001,0.1001
1000,0.3,comps_30_normalized_1_freezed_0_001,linf,100,1,0.1001,0.1001
1000,0.15,comps_30_normalized_1_freezed_0_001,linf,100,1,0.1001,0.1001
1000,1.0,comps_30_normalized_1_freezed_0_001,l2,40,10,0.1001,0.1001
1000,2.0,comps_30_normalized_1_freezed_0_001,l2,40,10,0.1001,0.1001
1000,0.3,comps_30_normalized_1_freezed_0_001,linf,40,10,0.1001,0.1001
1000,0.15,comps_30_normalized_1_freezed_0_001,linf,40,10,0.1001,0.1001
1000,1.0,comps_30_normalized_1_freezed_0_001,l2,100,10,0.1001,0.1001
1000,2.0,comps_30_normalized_1_freezed_0_001,l2,100,10,0.1001,0.1001
1000,0.3,comps_30_normalized_1_freezed_0_001,linf,100,10,0.1001,0.1001
1000,0.15,comps_30_normalized_1_freezed_0_001,linf,100,10,0.1001,0.1001
1000,1.0,comps_30_normalized_1_freezed_1_001,l2,40,1,0.1001,0.1001
1000,2.0,comps_30_normalized_1_freezed_1_001,l2,40,1,0.1001,0.1001
1000,0.3,comps_30_normalized_1_freezed_1_001,linf,40,1,0.1001,0.1001
1000,0.15,comps_30_normalized_1_freezed_1_001,linf,40,1,0.1001,0.1001
1000,1.0,comps_30_normalized_1_freezed_1_001,l2,100,1,0.1001,0.1001
1000,2.0,comps_30_normalized_1_freezed_1_001,l2,100,1,0.1001,0.1001
1000,0.3,comps_30_normalized_1_freezed_1_001,linf,100,1,0.1001,0.1001
1000,0.15,comps_30_normalized_1_freezed_1_001,linf,100,1,0.1001,0.1001
1000,1.0,comps_30_normalized_1_freezed_1_001,l2,40,10,0.1001,0.1001
1000,2.0,comps_30_normalized_1_freezed_1_001,l2,40,10,0.1001,0.1001
1000,0.3,comps_30_normalized_1_freezed_1_001,linf,40,10,0.1001,0.1001
1000,0.15,comps_30_normalized_1_freezed_1_001,linf,40,10,0.1001,0.1001
1000,1.0,comps_30_normalized_1_freezed_1_001,l2,100,10,0.1001,0.1001
1000,2.0,comps_30_normalized_1_freezed_1_001,l2,100,10,0.1001,0.1001
1000,0.3,comps_30_normalized_1_freezed_1_001,linf,100,10,0.1001,0.1001
1000,0.15,comps_30_normalized_1_freezed_1_001,linf,100,10,0.1001,0.1001
1000,1.0,comps_40_normalized_0_freezed_0_010,l2,40,1,0.9286,0.2446
1000,2.0,comps_40_normalized_0_freezed_0_010,l2,40,1,0.9286,0.0072
1000,0.3,comps_40_normalized_0_freezed_0_010,linf,40,1,0.9286,0.0
1000,0.15,comps_40_normalized_0_freezed_0_010,linf,40,1,0.9286,0.0004
1000,1.0,comps_40_normalized_0_freezed_0_010,l2,100,1,0.9286,0.2433
1000,2.0,comps_40_normalized_0_freezed_0_010,l2,100,1,0.9286,0.0072
1000,0.3,comps_40_normalized_0_freezed_0_010,linf,100,1,0.9286,0.0
1000,0.15,comps_40_normalized_0_freezed_0_010,linf,100,1,0.9286,0.0005
1000,1.0,comps_40_normalized_0_freezed_0_010,l2,40,10,0.9286,0.2361
1000,2.0,comps_40_normalized_0_freezed_0_010,l2,40,10,0.9286,0.0065
1000,0.3,comps_40_normalized_0_freezed_0_010,linf,40,10,0.9286,0.0
1000,0.15,comps_40_normalized_0_freezed_0_010,linf,40,10,0.9286,0.0001
1000,1.0,comps_40_normalized_0_freezed_0_010,l2,100,10,0.9286,0.2354
1000,2.0,comps_40_normalized_0_freezed_0_010,l2,100,10,0.9286,0.0062
1000,0.3,comps_40_normalized_0_freezed_0_010,linf,100,10,0.9286,0.0
1000,0.15,comps_40_normalized_0_freezed_0_010,linf,100,10,0.9286,0.0002
1000,1.0,comps_40_normalized_0_freezed_1_010,l2,40,1,0.8606,0.5638
1000,2.0,comps_40_normalized_0_freezed_1_010,l2,40,1,0.8606,0.15
1000,0.3,comps_40_normalized_0_freezed_1_010,linf,40,1,0.8606,0.0
1000,0.15,comps_40_normalized_0_freezed_1_010,linf,40,1,0.8606,0.0591
1000,1.0,comps_40_normalized_0_freezed_1_010,l2,100,1,0.8606,0.5634
1000,2.0,comps_40_normalized_0_freezed_1_010,l2,100,1,0.8606,0.1484
1000,0.3,comps_40_normalized_0_freezed_1_010,linf,100,1,0.8606,0.0
1000,0.15,comps_40_normalized_0_freezed_1_010,linf,100,1,0.8606,0.0588
1000,1.0,comps_40_normalized_0_freezed_1_010,l2,40,10,0.8606,0.5597
1000,2.0,comps_40_normalized_0_freezed_1_010,l2,40,10,0.8606,0.1383
1000,0.3,comps_40_normalized_0_freezed_1_010,linf,40,10,0.8606,0.0
1000,0.15,comps_40_normalized_0_freezed_1_010,linf,40,10,0.8606,0.0549
1000,1.0,comps_40_normalized_0_freezed_1_010,l2,100,10,0.8606,0.5592
1000,2.0,comps_40_normalized_0_freezed_1_010,l2,100,10,0.8606,0.137
1000,0.3,comps_40_normalized_0_freezed_1_010,linf,100,10,0.8606,0.0
1000,0.15,comps_40_normalized_0_freezed_1_010,linf,100,10,0.8606,0.0546
1000,1.0,comps_40_normalized_1_freezed_0_001,l2,40,1,0.1001,0.1001
1000,2.0,comps_40_normalized_1_freezed_0_001,l2,40,1,0.1001,0.1001
1000,0.3,comps_40_normalized_1_freezed_0_001,linf,40,1,0.1001,0.1001
1000,0.15,comps_40_normalized_1_freezed_0_001,linf,40,1,0.1001,0.1001
1000,1.0,comps_40_normalized_1_freezed_0_001,l2,100,1,0.1001,0.1001
1000,2.0,comps_40_normalized_1_freezed_0_001,l2,100,1,0.1001,0.1001
1000,0.3,comps_40_normalized_1_freezed_0_001,linf,100,1,0.1001,0.1001
1000,0.15,comps_40_normalized_1_freezed_0_001,linf,100,1,0.1001,0.1001
1000,1.0,comps_40_normalized_1_freezed_0_001,l2,40,10,0.1001,0.1001
1000,2.0,comps_40_normalized_1_freezed_0_001,l2,40,10,0.1001,0.1001
1000,0.3,comps_40_normalized_1_freezed_0_001,linf,40,10,0.1001,0.1001
1000,0.15,comps_40_normalized_1_freezed_0_001,linf,40,10,0.1001,0.1001
1000,1.0,comps_40_normalized_1_freezed_0_001,l2,100,10,0.1001,0.1001
1000,2.0,comps_40_normalized_1_freezed_0_001,l2,100,10,0.1001,0.1001
1000,0.3,comps_40_normalized_1_freezed_0_001,linf,100,10,0.1001,0.1001
1000,0.15,comps_40_normalized_1_freezed_0_001,linf,100,10,0.1001,0.1001
1000,1.0,comps_40_normalized_1_freezed_1_001,l2,40,1,0.1001,0.1001
1000,2.0,comps_40_normalized_1_freezed_1_001,l2,40,1,0.1001,0.1001
1000,0.3,comps_40_normalized_1_freezed_1_001,linf,40,1,0.1001,0.1001
1000,0.15,comps_40_normalized_1_freezed_1_001,linf,40,1,0.1001,0.1001
1000,1.0,comps_40_normalized_1_freezed_1_001,l2,100,1,0.1001,0.1001
1000,2.0,comps_40_normalized_1_freezed_1_001,l2,100,1,0.1001,0.1001
1000,0.3,comps_40_normalized_1_freezed_1_001,linf,100,1,0.1001,0.1001
1000,0.15,comps_40_normalized_1_freezed_1_001,linf,100,1,0.1001,0.1001
1000,1.0,comps_40_normalized_1_freezed_1_001,l2,40,10,0.1001,0.1001
1000,2.0,comps_40_normalized_1_freezed_1_001,l2,40,10,0.1001,0.1001
1000,0.3,comps_40_normalized_1_freezed_1_001,linf,40,10,0.1001,0.1001
1000,0.15,comps_40_normalized_1_freezed_1_001,linf,40,10,0.1001,0.1001
1000,1.0,comps_40_normalized_1_freezed_1_001,l2,100,10,0.1001,0.1001
1000,2.0,comps_40_normalized_1_freezed_1_001,l2,100,10,0.1001,0.1001
1000,0.3,comps_40_normalized_1_freezed_1_001,linf,100,10,0.1001,0.1001
1000,0.15,comps_40_normalized_1_freezed_1_001,linf,100,10,0.1001,0.1001
1000,1.0,comps_50_normalized_0_freezed_0_010,l2,40,1,0.9286,0.2219
1000,2.0,comps_50_normalized_0_freezed_0_010,l2,40,1,0.9286,0.0055
1000,0.3,comps_50_normalized_0_freezed_0_010,linf,40,1,0.9286,0.0
1000,0.15,comps_50_normalized_0_freezed_0_010,linf,40,1,0.9286,0.0002
1000,1.0,comps_50_normalized_0_freezed_0_010,l2,100,1,0.9286,0.22
1000,2.0,comps_50_normalized_0_freezed_0_010,l2,100,1,0.9286,0.006
1000,0.3,comps_50_normalized_0_freezed_0_010,linf,100,1,0.9286,0.0
1000,0.15,comps_50_normalized_0_freezed_0_010,linf,100,1,0.9286,0.0005
1000,1.0,comps_50_normalized_0_freezed_0_010,l2,40,10,0.9286,0.2129
1000,2.0,comps_50_normalized_0_freezed_0_010,l2,40,10,0.9286,0.005
1000,0.3,comps_50_normalized_0_freezed_0_010,linf,40,10,0.9286,0.0
1000,0.15,comps_50_normalized_0_freezed_0_010,linf,40,10,0.9286,0.0001
1000,1.0,comps_50_normalized_0_freezed_0_010,l2,100,10,0.9286,0.2117
1000,2.0,comps_50_normalized_0_freezed_0_010,l2,100,10,0.9286,0.005
1000,0.3,comps_50_normalized_0_freezed_0_010,linf,100,10,0.9286,0.0
1000,0.15,comps_50_normalized_0_freezed_0_010,linf,100,10,0.9286,0.0001
1000,1.0,comps_50_normalized_0_freezed_1_010,l2,40,1,0.8736,0.553
1000,2.0,comps_50_normalized_0_freezed_1_010,l2,40,1,0.8736,0.13
1000,0.3,comps_50_normalized_0_freezed_1_010,linf,40,1,0.8736,0.0
1000,0.15,comps_50_normalized_0_freezed_1_010,linf,40,1,0.8736,0.0461
1000,1.0,comps_50_normalized_0_freezed_1_010,l2,100,1,0.8736,0.5531
1000,2.0,comps_50_normalized_0_freezed_1_010,l2,100,1,0.8736,0.1279
1000,0.3,comps_50_normalized_0_freezed_1_010,linf,100,1,0.8736,0.0
1000,0.15,comps_50_normalized_0_freezed_1_010,linf,100,1,0.8736,0.0459
1000,1.0,comps_50_normalized_0_freezed_1_010,l2,40,10,0.8736,0.5486
1000,2.0,comps_50_normalized_0_freezed_1_010,l2,40,10,0.8736,0.117
1000,0.3,comps_50_normalized_0_freezed_1_010,linf,40,10,0.8736,0.0
1000,0.15,comps_50_normalized_0_freezed_1_010,linf,40,10,0.8736,0.0415
1000,1.0,comps_50_normalized_0_freezed_1_010,l2,100,10,0.8736,0.5482
1000,2.0,comps_50_normalized_0_freezed_1_010,l2,100,10,0.8736,0.1167
1000,0.3,comps_50_normalized_0_freezed_1_010,linf,100,10,0.8736,0.0
1000,0.15,comps_50_normalized_0_freezed_1_010,linf,100,10,0.8736,0.0411
1000,1.0,comps_50_normalized_1_freezed_0_001,l2,40,1,0.1001,0.1001
1000,2.0,comps_50_normalized_1_freezed_0_001,l2,40,1,0.1001,0.1001
1000,0.3,comps_50_normalized_1_freezed_0_001,linf,40,1,0.1001,0.1001
1000,0.15,comps_50_normalized_1_freezed_0_001,linf,40,1,0.1001,0.1001
1000,1.0,comps_50_normalized_1_freezed_0_001,l2,100,1,0.1001,0.1001
1000,2.0,comps_50_normalized_1_freezed_0_001,l2,100,1,0.1001,0.1001
1000,0.3,comps_50_normalized_1_freezed_0_001,linf,100,1,0.1001,0.1001
1000,0.15,comps_50_normalized_1_freezed_0_001,linf,100,1,0.1001,0.1001
1000,1.0,comps_50_normalized_1_freezed_0_001,l2,40,10,0.1001,0.1001
1000,2.0,comps_50_normalized_1_freezed_0_001,l2,40,10,0.1001,0.1001
1000,0.3,comps_50_normalized_1_freezed_0_001,linf,40,10,0.1001,0.1001
1000,0.15,comps_50_normalized_1_freezed_0_001,linf,40,10,0.1001,0.1001
1000,1.0,comps_50_normalized_1_freezed_0_001,l2,100,10,0.1001,0.1001
1000,2.0,comps_50_normalized_1_freezed_0_001,l2,100,10,0.1001,0.1001
1000,0.3,comps_50_normalized_1_freezed_0_001,linf,100,10,0.1001,0.1001
1000,0.15,comps_50_normalized_1_freezed_0_001,linf,100,10,0.1001,0.1001
1000,1.0,comps_50_normalized_1_freezed_1_001,l2,40,1,0.1001,0.1001
1000,2.0,comps_50_normalized_1_freezed_1_001,l2,40,1,0.1001,0.1001
1000,0.3,comps_50_normalized_1_freezed_1_001,linf,40,1,0.1001,0.1001
1000,0.15,comps_50_normalized_1_freezed_1_001,linf,40,1,0.1001,0.1001
1000,1.0,comps_50_normalized_1_freezed_1_001,l2,100,1,0.1001,0.1001
1000,2.0,comps_50_normalized_1_freezed_1_001,l2,100,1,0.1001,0.1001
1000,0.3,comps_50_normalized_1_freezed_1_001,linf,100,1,0.1001,0.1001
1000,0.15,comps_50_normalized_1_freezed_1_001,linf,100,1,0.1001,0.1001
1000,1.0,comps_50_normalized_1_freezed_1_001,l2,40,10,0.1001,0.1001
1000,2.0,comps_50_normalized_1_freezed_1_001,l2,40,10,0.1001,0.1001
1000,0.3,comps_50_normalized_1_freezed_1_001,linf,40,10,0.1001,0.1001
1000,0.15,comps_50_normalized_1_freezed_1_001,linf,40,10,0.1001,0.1001
1000,1.0,comps_50_normalized_1_freezed_1_001,l2,100,10,0.1001,0.1001
1000,2.0,comps_50_normalized_1_freezed_1_001,l2,100,10,0.1001,0.1001
1000,0.3,comps_50_normalized_1_freezed_1_001,linf,100,10,0.1001,0.1001
1000,0.15,comps_50_normalized_1_freezed_1_001,linf,100,10,0.1001,0.1001
1000,1.0,comps_60_normalized_0_freezed_0_007,l2,40,1,0.9252,0.2842
1000,2.0,comps_60_normalized_0_freezed_0_007,l2,40,1,0.9252,0.0089
1000,0.3,comps_60_normalized_0_freezed_0_007,linf,40,1,0.9252,0.0
1000,0.15,comps_60_normalized_0_freezed_0_007,linf,40,1,0.9252,0.0009
1000,1.0,comps_60_normalized_0_freezed_0_007,l2,100,1,0.9252,0.2822
1000,2.0,comps_60_normalized_0_freezed_0_007,l2,100,1,0.9252,0.0089
1000,0.3,comps_60_normalized_0_freezed_0_007,linf,100,1,0.9252,0.0
1000,0.15,comps_60_normalized_0_freezed_0_007,linf,100,1,0.9252,0.0007
1000,1.0,comps_60_normalized_0_freezed_0_007,l2,40,10,0.9252,0.2746
1000,2.0,comps_60_normalized_0_freezed_0_007,l2,40,10,0.9252,0.0084
1000,0.3,comps_60_normalized_0_freezed_0_007,linf,40,10,0.9252,0.0
1000,0.15,comps_60_normalized_0_freezed_0_007,linf,40,10,0.9252,0.0007
1000,1.0,comps_60_normalized_0_freezed_0_007,l2,100,10,0.9252,0.2735
1000,2.0,comps_60_normalized_0_freezed_0_007,l2,100,10,0.9252,0.0081
1000,0.3,comps_60_normalized_0_freezed_0_007,linf,100,10,0.9252,0.0
1000,0.15,comps_60_normalized_0_freezed_0_007,linf,100,10,0.9252,0.0007
1000,1.0,comps_60_normalized_0_freezed_1_009,l2,40,1,0.8711,0.5602
1000,2.0,comps_60_normalized_0_freezed_1_009,l2,40,1,0.8711,0.1388
1000,0.3,comps_60_normalized_0_freezed_1_009,linf,40,1,0.8711,0.0
1000,0.15,comps_60_normalized_0_freezed_1_009,linf,40,1,0.8711,0.0464
1000,1.0,comps_60_normalized_0_freezed_1_009,l2,100,1,0.8711,0.559
1000,2.0,comps_60_normalized_0_freezed_1_009,l2,100,1,0.8711,0.1391
1000,0.3,comps_60_normalized_0_freezed_1_009,linf,100,1,0.8711,0.0
1000,0.15,comps_60_normalized_0_freezed_1_009,linf,100,1,0.8711,0.0457
1000,1.0,comps_60_normalized_0_freezed_1_009,l2,40,10,0.8711,0.5558
1000,2.0,comps_60_normalized_0_freezed_1_009,l2,40,10,0.8711,0.1299
1000,0.3,comps_60_normalized_0_freezed_1_009,linf,40,10,0.8711,0.0
1000,0.15,comps_60_normalized_0_freezed_1_009,linf,40,10,0.8711,0.0417
1000,1.0,comps_60_normalized_0_freezed_1_009,l2,100,10,0.8711,0.5541
1000,2.0,comps_60_normalized_0_freezed_1_009,l2,100,10,0.8711,0.1287
1000,0.3,comps_60_normalized_0_freezed_1_009,linf,100,10,0.8711,0.0
1000,0.15,comps_60_normalized_0_freezed_1_009,linf,100,10,0.8711,0.0412
1000,1.0,comps_60_normalized_1_freezed_0_001,l2,40,1,0.1001,0.1001
1000,2.0,comps_60_normalized_1_freezed_0_001,l2,40,1,0.1001,0.1001
1000,0.3,comps_60_normalized_1_freezed_0_001,linf,40,1,0.1001,0.1001
1000,0.15,comps_60_normalized_1_freezed_0_001,linf,40,1,0.1001,0.1001
1000,1.0,comps_60_normalized_1_freezed_0_001,l2,100,1,0.1001,0.1001
1000,2.0,comps_60_normalized_1_freezed_0_001,l2,100,1,0.1001,0.1001
1000,0.3,comps_60_normalized_1_freezed_0_001,linf,100,1,0.1001,0.1001
1000,0.15,comps_60_normalized_1_freezed_0_001,linf,100,1,0.1001,0.1001
1000,1.0,comps_60_normalized_1_freezed_0_001,l2,40,10,0.1001,0.1001
1000,2.0,comps_60_normalized_1_freezed_0_001,l2,40,10,0.1001,0.1001
1000,0.3,comps_60_normalized_1_freezed_0_001,linf,40,10,0.1001,0.1001
1000,0.15,comps_60_normalized_1_freezed_0_001,linf,40,10,0.1001,0.1001
1000,1.0,comps_60_normalized_1_freezed_0_001,l2,100,10,0.1001,0.1001
1000,2.0,comps_60_normalized_1_freezed_0_001,l2,100,10,0.1001,0.1001
1000,0.3,comps_60_normalized_1_freezed_0_001,linf,100,10,0.1001,0.1001
1000,0.15,comps_60_normalized_1_freezed_0_001,linf,100,10,0.1001,0.1001
1000,1.0,comps_60_normalized_1_freezed_1_001,l2,40,1,0.1001,0.1001
1000,2.0,comps_60_normalized_1_freezed_1_001,l2,40,1,0.1001,0.1001
1000,0.3,comps_60_normalized_1_freezed_1_001,linf,40,1,0.1001,0.1001
1000,0.15,comps_60_normalized_1_freezed_1_001,linf,40,1,0.1001,0.1001
1000,1.0,comps_60_normalized_1_freezed_1_001,l2,100,1,0.1001,0.1001
1000,2.0,comps_60_normalized_1_freezed_1_001,l2,100,1,0.1001,0.1001
1000,0.3,comps_60_normalized_1_freezed_1_001,linf,100,1,0.1001,0.1001
1000,0.15,comps_60_normalized_1_freezed_1_001,linf,100,1,0.1001,0.1001
1000,1.0,comps_60_normalized_1_freezed_1_001,l2,40,10,0.1001,0.1001
1000,2.0,comps_60_normalized_1_freezed_1_001,l2,40,10,0.1001,0.1001
1000,0.3,comps_60_normalized_1_freezed_1_001,linf,40,10,0.1001,0.1001
1000,0.15,comps_60_normalized_1_freezed_1_001,linf,40,10,0.1001,0.1001
1000,1.0,comps_60_normalized_1_freezed_1_001,l2,100,10,0.1001,0.1001
1000,2.0,comps_60_normalized_1_freezed_1_001,l2,100,10,0.1001,0.1001
1000,0.3,comps_60_normalized_1_freezed_1_001,linf,100,10,0.1001,0.1001
1000,0.15,comps_60_normalized_1_freezed_1_001,linf,100,10,0.1001,0.1001
1000,1.0,comps_70_normalized_0_freezed_0_008,l2,40,1,0.9289,0.2369
1000,2.0,comps_70_normalized_0_freezed_0_008,l2,40,1,0.9289,0.0044
1000,0.3,comps_70_normalized_0_freezed_0_008,linf,40,1,0.9289,0.0
1000,0.15,comps_70_normalized_0_freezed_0_008,linf,40,1,0.9289,0.0004
1000,1.0,comps_70_normalized_0_freezed_0_008,l2,100,1,0.9289,0.2362
1000,2.0,comps_70_normalized_0_freezed_0_008,l2,100,1,0.9289,0.0042
1000,0.3,comps_70_normalized_0_freezed_0_008,linf,100,1,0.9289,0.0
1000,0.15,comps_70_normalized_0_freezed_0_008,linf,100,1,0.9289,0.0003
1000,1.0,comps_70_normalized_0_freezed_0_008,l2,40,10,0.9289,0.2286
1000,2.0,comps_70_normalized_0_freezed_0_008,l2,40,10,0.9289,0.0034
1000,0.3,comps_70_normalized_0_freezed_0_008,linf,40,10,0.9289,0.0
1000,0.15,comps_70_normalized_0_freezed_0_008,linf,40,10,0.9289,0.0001
1000,1.0,comps_70_normalized_0_freezed_0_008,l2,100,10,0.9289,0.2265
1000,2.0,comps_70_normalized_0_freezed_0_008,l2,100,10,0.9289,0.0034
1000,0.3,comps_70_normalized_0_freezed_0_008,linf,100,10,0.9289,0.0
1000,0.15,comps_70_normalized_0_freezed_0_008,linf,100,10,0.9289,0.0002
1000,1.0,comps_70_normalized_0_freezed_1_010,l2,40,1,0.8792,0.5602
1000,2.0,comps_70_normalized_0_freezed_1_010,l2,40,1,0.8792,0.1191
1000,0.3,comps_70_normalized_0_freezed_1_010,linf,40,1,0.8792,0.0
1000,0.15,comps_70_normalized_0_freezed_1_010,linf,40,1,0.8792,0.0389
1000,1.0,comps_70_normalized_0_freezed_1_010,l2,100,1,0.8792,0.5611
1000,2.0,comps_70_normalized_0_freezed_1_010,l2,100,1,0.8792,0.12
1000,0.3,comps_70_normalized_0_freezed_1_010,linf,100,1,0.8792,0.0
1000,0.15,comps_70_normalized_0_freezed_1_010,linf,100,1,0.8792,0.0397
1000,1.0,comps_70_normalized_0_freezed_1_010,l2,40,10,0.8792,0.5561
1000,2.0,comps_70_normalized_0_freezed_1_010,l2,40,10,0.8792,0.1097
1000,0.3,comps_70_normalized_0_freezed_1_010,linf,40,10,0.8792,0.0
1000,0.15,comps_70_normalized_0_freezed_1_010,linf,40,10,0.8792,0.0345
1000,1.0,comps_70_normalized_0_freezed_1_010,l2,100,10,0.8792,0.5561
1000,2.0,comps_70_normalized_0_freezed_1_010,l2,100,10,0.8792,0.1088
1000,0.3,comps_70_normalized_0_freezed_1_010,linf,100,10,0.8792,0.0
1000,0.15,comps_70_normalized_0_freezed_1_010,linf,100,10,0.8792,0.0342
1000,1.0,comps_70_normalized_1_freezed_0_001,l2,40,1,0.1001,0.1001
1000,2.0,comps_70_normalized_1_freezed_0_001,l2,40,1,0.1001,0.1001
1000,0.3,comps_70_normalized_1_freezed_0_001,linf,40,1,0.1001,0.1001
1000,0.15,comps_70_normalized_1_freezed_0_001,linf,40,1,0.1001,0.1001
1000,1.0,comps_70_normalized_1_freezed_0_001,l2,100,1,0.1001,0.1001
1000,2.0,comps_70_normalized_1_freezed_0_001,l2,100,1,0.1001,0.1001
1000,0.3,comps_70_normalized_1_freezed_0_001,linf,100,1,0.1001,0.1001
1000,0.15,comps_70_normalized_1_freezed_0_001,linf,100,1,0.1001,0.1001
1000,1.0,comps_70_normalized_1_freezed_0_001,l2,40,10,0.1001,0.1001
1000,2.0,comps_70_normalized_1_freezed_0_001,l2,40,10,0.1001,0.1001
1000,0.3,comps_70_normalized_1_freezed_0_001,linf,40,10,0.1001,0.1001
1000,0.15,comps_70_normalized_1_freezed_0_001,linf,40,10,0.1001,0.1001
1000,1.0,comps_70_normalized_1_freezed_0_001,l2,100,10,0.1001,0.1001
1000,2.0,comps_70_normalized_1_freezed_0_001,l2,100,10,0.1001,0.1001
1000,0.3,comps_70_normalized_1_freezed_0_001,linf,100,10,0.1001,0.1001
1000,0.15,comps_70_normalized_1_freezed_0_001,linf,100,10,0.1001,0.1001
1000,1.0,comps_70_normalized_1_freezed_1_001,l2,40,1,0.1001,0.1001
1000,2.0,comps_70_normalized_1_freezed_1_001,l2,40,1,0.1001,0.1001
1000,0.3,comps_70_normalized_1_freezed_1_001,linf,40,1,0.1001,0.1001
1000,0.15,comps_70_normalized_1_freezed_1_001,linf,40,1,0.1001,0.1001
1000,1.0,comps_70_normalized_1_freezed_1_001,l2,100,1,0.1001,0.1001
1000,2.0,comps_70_normalized_1_freezed_1_001,l2,100,1,0.1001,0.1001
1000,0.3,comps_70_normalized_1_freezed_1_001,linf,100,1,0.1001,0.1001
1000,0.15,comps_70_normalized_1_freezed_1_001,linf,100,1,0.1001,0.1001
1000,1.0,comps_70_normalized_1_freezed_1_001,l2,40,10,0.1001,0.1001
1000,2.0,comps_70_normalized_1_freezed_1_001,l2,40,10,0.1001,0.1001
1000,0.3,comps_70_normalized_1_freezed_1_001,linf,40,10,0.1001,0.1001
1000,0.15,comps_70_normalized_1_freezed_1_001,linf,40,10,0.1001,0.1001
1000,1.0,comps_70_normalized_1_freezed_1_001,l2,100,10,0.1001,0.1001
1000,2.0,comps_70_normalized_1_freezed_1_001,l2,100,10,0.1001,0.1001
1000,0.3,comps_70_normalized_1_freezed_1_001,linf,100,10,0.1001,0.1001
1000,0.15,comps_70_normalized_1_freezed_1_001,linf,100,10,0.1001,0.1001
1000,1.0,comps_80_normalized_0_freezed_0_009,l2,40,1,0.9299,0.2027
1000,2.0,comps_80_normalized_0_freezed_0_009,l2,40,1,0.9299,0.004
1000,0.3,comps_80_normalized_0_freezed_0_009,linf,40,1,0.9299,0.0
1000,0.15,comps_80_normalized_0_freezed_0_009,linf,40,1,0.9299,0.0001
1000,1.0,comps_80_normalized_0_freezed_0_009,l2,100,1,0.9299,0.2016
1000,2.0,comps_80_normalized_0_freezed_0_009,l2,100,1,0.9299,0.0038
1000,0.3,comps_80_normalized_0_freezed_0_009,linf,100,1,0.9299,0.0
1000,0.15,comps_80_normalized_0_freezed_0_009,linf,100,1,0.9299,0.0003
1000,1.0,comps_80_normalized_0_freezed_0_009,l2,40,10,0.9299,0.1949
1000,2.0,comps_80_normalized_0_freezed_0_009,l2,40,10,0.9299,0.0035
1000,0.3,comps_80_normalized_0_freezed_0_009,linf,40,10,0.9299,0.0
1000,0.15,comps_80_normalized_0_freezed_0_009,linf,40,10,0.9299,0.0002
1000,1.0,comps_80_normalized_0_freezed_0_009,l2,100,10,0.9299,0.194
1000,2.0,comps_80_normalized_0_freezed_0_009,l2,100,10,0.9299,0.0034
1000,0.3,comps_80_normalized_0_freezed_0_009,linf,100,10,0.9299,0.0
1000,0.15,comps_80_normalized_0_freezed_0_009,linf,100,10,0.9299,0.0001
1000,1.0,comps_80_normalized_0_freezed_1_009,l2,40,1,0.8759,0.5564
1000,2.0,comps_80_normalized_0_freezed_1_009,l2,40,1,0.8759,0.124
1000,0.3,comps_80_normalized_0_freezed_1_009,linf,40,1,0.8759,0.0
1000,0.15,comps_80_normalized_0_freezed_1_009,linf,40,1,0.8759,0.0372
1000,1.0,comps_80_normalized_0_freezed_1_009,l2,100,1,0.8759,0.5544
1000,2.0,comps_80_normalized_0_freezed_1_009,l2,100,1,0.8759,0.123
1000,0.3,comps_80_normalized_0_freezed_1_009,linf,100,1,0.8759,0.0
1000,0.15,comps_80_normalized_0_freezed_1_009,linf,100,1,0.8759,0.0369
1000,1.0,comps_80_normalized_0_freezed_1_009,l2,40,10,0.8759,0.5514
1000,2.0,comps_80_normalized_0_freezed_1_009,l2,40,10,0.8759,0.1112
1000,0.3,comps_80_normalized_0_freezed_1_009,linf,40,10,0.8759,0.0
1000,0.15,comps_80_normalized_0_freezed_1_009,linf,40,10,0.8759,0.0328
1000,1.0,comps_80_normalized_0_freezed_1_009,l2,100,10,0.8759,0.5504
1000,2.0,comps_80_normalized_0_freezed_1_009,l2,100,10,0.8759,0.1114
1000,0.3,comps_80_normalized_0_freezed_1_009,linf,100,10,0.8759,0.0
1000,0.15,comps_80_normalized_0_freezed_1_009,linf,100,10,0.8759,0.0326
1000,1.0,comps_80_normalized_1_freezed_0_001,l2,40,1,0.1001,0.1001
1000,2.0,comps_80_normalized_1_freezed_0_001,l2,40,1,0.1001,0.1001
1000,0.3,comps_80_normalized_1_freezed_0_001,linf,40,1,0.1001,0.1001
1000,0.15,comps_80_normalized_1_freezed_0_001,linf,40,1,0.1001,0.1001
1000,1.0,comps_80_normalized_1_freezed_0_001,l2,100,1,0.1001,0.1001
1000,2.0,comps_80_normalized_1_freezed_0_001,l2,100,1,0.1001,0.1001
1000,0.3,comps_80_normalized_1_freezed_0_001,linf,100,1,0.1001,0.1001
1000,0.15,comps_80_normalized_1_freezed_0_001,linf,100,1,0.1001,0.1001
1000,1.0,comps_80_normalized_1_freezed_0_001,l2,40,10,0.1001,0.1001
1000,2.0,comps_80_normalized_1_freezed_0_001,l2,40,10,0.1001,0.1001
1000,0.3,comps_80_normalized_1_freezed_0_001,linf,40,10,0.1001,0.1001
1000,0.15,comps_80_normalized_1_freezed_0_001,linf,40,10,0.1001,0.1001
1000,1.0,comps_80_normalized_1_freezed_0_001,l2,100,10,0.1001,0.1001
1000,2.0,comps_80_normalized_1_freezed_0_001,l2,100,10,0.1001,0.1001
1000,0.3,comps_80_normalized_1_freezed_0_001,linf,100,10,0.1001,0.1001
1000,0.15,comps_80_normalized_1_freezed_0_001,linf,100,10,0.1001,0.1001
1000,1.0,comps_80_normalized_1_freezed_1_001,l2,40,1,0.1001,0.1001
1000,2.0,comps_80_normalized_1_freezed_1_001,l2,40,1,0.1001,0.1001
1000,0.3,comps_80_normalized_1_freezed_1_001,linf,40,1,0.1001,0.1001
1000,0.15,comps_80_normalized_1_freezed_1_001,linf,40,1,0.1001,0.1001
1000,1.0,comps_80_normalized_1_freezed_1_001,l2,100,1,0.1001,0.1001
1000,2.0,comps_80_normalized_1_freezed_1_001,l2,100,1,0.1001,0.1001
1000,0.3,comps_80_normalized_1_freezed_1_001,linf,100,1,0.1001,0.1001
1000,0.15,comps_80_normalized_1_freezed_1_001,linf,100,1,0.1001,0.1001
1000,1.0,comps_80_normalized_1_freezed_1_001,l2,40,10,0.1001,0.1001
1000,2.0,comps_80_normalized_1_freezed_1_001,l2,40,10,0.1001,0.1001
1000,0.3,comps_80_normalized_1_freezed_1_001,linf,40,10,0.1001,0.1001
1000,0.15,comps_80_normalized_1_freezed_1_001,linf,40,10,0.1001,0.1001
1000,1.0,comps_80_normalized_1_freezed_1_001,l2,100,10,0.1001,0.1001
1000,2.0,comps_80_normalized_1_freezed_1_001,l2,100,10,0.1001,0.1001
1000,0.3,comps_80_normalized_1_freezed_1_001,linf,100,10,0.1001,0.1001
1000,0.15,comps_80_normalized_1_freezed_1_001,linf,100,10,0.1001,0.1001
1000,1.0,comps_90_normalized_0_freezed_0_008,l2,40,1,0.9293,0.2202
1000,2.0,comps_90_normalized_0_freezed_0_008,l2,40,1,0.9293,0.0043
1000,0.3,comps_90_normalized_0_freezed_0_008,linf,40,1,0.9293,0.0
1000,0.15,comps_90_normalized_0_freezed_0_008,linf,40,1,0.9293,0.0002
1000,1.0,comps_90_normalized_0_freezed_0_008,l2,100,1,0.9293,0.2192
1000,2.0,comps_90_normalized_0_freezed_0_008,l2,100,1,0.9293,0.0045
1000,0.3,comps_90_normalized_0_freezed_0_008,linf,100,1,0.9293,0.0
1000,0.15,comps_90_normalized_0_freezed_0_008,linf,100,1,0.9293,0.0002
1000,1.0,comps_90_normalized_0_freezed_0_008,l2,40,10,0.9293,0.2112
1000,2.0,comps_90_normalized_0_freezed_0_008,l2,40,10,0.9293,0.004
1000,0.3,comps_90_normalized_0_freezed_0_008,linf,40,10,0.9293,0.0
1000,0.15,comps_90_normalized_0_freezed_0_008,linf,40,10,0.9293,0.0
1000,1.0,comps_90_normalized_0_freezed_0_008,l2,100,10,0.9293,0.21
1000,2.0,comps_90_normalized_0_freezed_0_008,l2,100,10,0.9293,0.0038
1000,0.3,comps_90_normalized_0_freezed_0_008,linf,100,10,0.9293,0.0
1000,0.15,comps_90_normalized_0_freezed_0_008,linf,100,10,0.9293,0.0
1000,1.0,comps_90_normalized_0_freezed_1_009,l2,40,1,0.8807,0.5505
1000,2.0,comps_90_normalized_0_freezed_1_009,l2,40,1,0.8807,0.1077
1000,0.3,comps_90_normalized_0_freezed_1_009,linf,40,1,0.8807,0.0
1000,0.15,comps_90_normalized_0_freezed_1_009,linf,40,1,0.8807,0.034
1000,1.0,comps_90_normalized_0_freezed_1_009,l2,100,1,0.8807,0.5495
1000,2.0,comps_90_normalized_0_freezed_1_009,l2,100,1,0.8807,0.107
1000,0.3,comps_90_normalized_0_freezed_1_009,linf,100,1,0.8807,0.0
1000,0.15,comps_90_normalized_0_freezed_1_009,linf,100,1,0.8807,0.0344
1000,1.0,comps_90_normalized_0_freezed_1_009,l2,40,10,0.8807,0.5454
1000,2.0,comps_90_normalized_0_freezed_1_009,l2,40,10,0.8807,0.0969
1000,0.3,comps_90_normalized_0_freezed_1_009,linf,40,10,0.8807,0.0
1000,0.15,comps_90_normalized_0_freezed_1_009,linf,40,10,0.8807,0.0305
1000,1.0,comps_90_normalized_0_freezed_1_009,l2,100,10,0.8807,0.5451
1000,2.0,comps_90_normalized_0_freezed_1_009,l2,100,10,0.8807,0.0951
1000,0.3,comps_90_normalized_0_freezed_1_009,linf,100,10,0.8807,0.0
1000,0.15,comps_90_normalized_0_freezed_1_009,linf,100,10,0.8807,0.0299
1000,1.0,comps_90_normalized_1_freezed_0_001,l2,40,1,0.1001,0.1001
1000,2.0,comps_90_normalized_1_freezed_0_001,l2,40,1,0.1001,0.1001
1000,0.3,comps_90_normalized_1_freezed_0_001,linf,40,1,0.1001,0.1001
1000,0.15,comps_90_normalized_1_freezed_0_001,linf,40,1,0.1001,0.1001
1000,1.0,comps_90_normalized_1_freezed_0_001,l2,100,1,0.1001,0.1001
1000,2.0,comps_90_normalized_1_freezed_0_001,l2,100,1,0.1001,0.1001
1000,0.3,comps_90_normalized_1_freezed_0_001,linf,100,1,0.1001,0.1001
1000,0.15,comps_90_normalized_1_freezed_0_001,linf,100,1,0.1001,0.1001
1000,1.0,comps_90_normalized_1_freezed_0_001,l2,40,10,0.1001,0.1001
1000,2.0,comps_90_normalized_1_freezed_0_001,l2,40,10,0.1001,0.1001
1000,0.3,comps_90_normalized_1_freezed_0_001,linf,40,10,0.1001,0.1001
1000,0.15,comps_90_normalized_1_freezed_0_001,linf,40,10,0.1001,0.1001
1000,1.0,comps_90_normalized_1_freezed_0_001,l2,100,10,0.1001,0.1001
1000,2.0,comps_90_normalized_1_freezed_0_001,l2,100,10,0.1001,0.1001
1000,0.3,comps_90_normalized_1_freezed_0_001,linf,100,10,0.1001,0.1001
1000,0.15,comps_90_normalized_1_freezed_0_001,linf,100,10,0.1001,0.1001
1000,1.0,comps_90_normalized_1_freezed_1_001,l2,40,1,0.1001,0.1001
1000,2.0,comps_90_normalized_1_freezed_1_001,l2,40,1,0.1001,0.1001
1000,0.3,comps_90_normalized_1_freezed_1_001,linf,40,1,0.1001,0.1001
1000,0.15,comps_90_normalized_1_freezed_1_001,linf,40,1,0.1001,0.1001
1000,1.0,comps_90_normalized_1_freezed_1_001,l2,100,1,0.1001,0.1001
1000,2.0,comps_90_normalized_1_freezed_1_001,l2,100,1,0.1001,0.1001
1000,0.3,comps_90_normalized_1_freezed_1_001,linf,100,1,0.1001,0.1001
1000,0.15,comps_90_normalized_1_freezed_1_001,linf,100,1,0.1001,0.1001
1000,1.0,comps_90_normalized_1_freezed_1_001,l2,40,10,0.1001,0.1001
1000,2.0,comps_90_normalized_1_freezed_1_001,l2,40,10,0.1001,0.1001
1000,0.3,comps_90_normalized_1_freezed_1_001,linf,40,10,0.1001,0.1001
1000,0.15,comps_90_normalized_1_freezed_1_001,linf,40,10,0.1001,0.1001
1000,1.0,comps_90_normalized_1_freezed_1_001,l2,100,10,0.1001,0.1001
1000,2.0,comps_90_normalized_1_freezed_1_001,l2,100,10,0.1001,0.1001
1000,0.3,comps_90_normalized_1_freezed_1_001,linf,100,10,0.1001,0.1001
1000,0.15,comps_90_normalized_1_freezed_1_001,linf,100,10,0.1001,0.1001
