batch_size,eps,model,norm,steps,trials,acc,robust-acc
1000,1.0,model-type_original_comps_100_dense_128_009.h5,l2,40,1,0.9678,0.0408
1000,2.0,model-type_original_comps_100_dense_128_009.h5,l2,40,1,0.9678,0.0
1000,0.3,model-type_original_comps_100_dense_128_009.h5,linf,40,1,0.9678,0.0
1000,0.15,model-type_original_comps_100_dense_128_009.h5,linf,40,1,0.9678,0.0
1000,1.0,model-type_original_comps_100_dense_128_009.h5,l2,100,1,0.9678,0.0391
1000,2.0,model-type_original_comps_100_dense_128_009.h5,l2,100,1,0.9678,0.0
1000,0.3,model-type_original_comps_100_dense_128_009.h5,linf,100,1,0.9678,0.0
1000,0.15,model-type_original_comps_100_dense_128_009.h5,linf,100,1,0.9678,0.0
1000,1.0,model-type_original_comps_100_dense_128_009.h5,l2,40,10,0.9678,0.0332
1000,2.0,model-type_original_comps_100_dense_128_009.h5,l2,40,10,0.9678,0.0
1000,0.3,model-type_original_comps_100_dense_128_009.h5,linf,40,10,0.9678,0.0
1000,0.15,model-type_original_comps_100_dense_128_009.h5,linf,40,10,0.9678,0.0
1000,1.0,model-type_original_comps_100_dense_128_009.h5,l2,100,10,0.9678,0.0324
1000,2.0,model-type_original_comps_100_dense_128_009.h5,l2,100,10,0.9678,0.0
1000,0.3,model-type_original_comps_100_dense_128_009.h5,linf,100,10,0.9678,0.0
1000,0.15,model-type_original_comps_100_dense_128_009.h5,linf,100,10,0.9678,0.0
1000,1.0,model-type_original_comps_100_dense_256_007.h5,l2,40,1,0.9683,0.0449
1000,2.0,model-type_original_comps_100_dense_256_007.h5,l2,40,1,0.9683,0.0
1000,0.3,model-type_original_comps_100_dense_256_007.h5,linf,40,1,0.9683,0.0
1000,0.15,model-type_original_comps_100_dense_256_007.h5,linf,40,1,0.9683,0.0
1000,1.0,model-type_original_comps_100_dense_256_007.h5,l2,100,1,0.9683,0.0431
1000,2.0,model-type_original_comps_100_dense_256_007.h5,l2,100,1,0.9683,0.0
1000,0.3,model-type_original_comps_100_dense_256_007.h5,linf,100,1,0.9683,0.0
1000,0.15,model-type_original_comps_100_dense_256_007.h5,linf,100,1,0.9683,0.0
1000,1.0,model-type_original_comps_100_dense_256_007.h5,l2,40,10,0.9683,0.0367
1000,2.0,model-type_original_comps_100_dense_256_007.h5,l2,40,10,0.9683,0.0
1000,0.3,model-type_original_comps_100_dense_256_007.h5,linf,40,10,0.9683,0.0
1000,0.15,model-type_original_comps_100_dense_256_007.h5,linf,40,10,0.9683,0.0
1000,1.0,model-type_original_comps_100_dense_256_007.h5,l2,100,10,0.9683,0.0363
1000,2.0,model-type_original_comps_100_dense_256_007.h5,l2,100,10,0.9683,0.0
1000,0.3,model-type_original_comps_100_dense_256_007.h5,linf,100,10,0.9683,0.0
1000,0.15,model-type_original_comps_100_dense_256_007.h5,linf,100,10,0.9683,0.0
1000,1.0,model-type_original_comps_100_dense_512_007.h5,l2,40,1,0.9666,0.0426
1000,2.0,model-type_original_comps_100_dense_512_007.h5,l2,40,1,0.9666,0.0
1000,0.3,model-type_original_comps_100_dense_512_007.h5,linf,40,1,0.9666,0.0
1000,0.15,model-type_original_comps_100_dense_512_007.h5,linf,40,1,0.9666,0.0
1000,1.0,model-type_original_comps_100_dense_512_007.h5,l2,100,1,0.9666,0.0433
1000,2.0,model-type_original_comps_100_dense_512_007.h5,l2,100,1,0.9666,0.0
1000,0.3,model-type_original_comps_100_dense_512_007.h5,linf,100,1,0.9666,0.0
1000,0.15,model-type_original_comps_100_dense_512_007.h5,linf,100,1,0.9666,0.0
1000,1.0,model-type_original_comps_100_dense_512_007.h5,l2,40,10,0.9666,0.0366
1000,2.0,model-type_original_comps_100_dense_512_007.h5,l2,40,10,0.9666,0.0
1000,0.3,model-type_original_comps_100_dense_512_007.h5,linf,40,10,0.9666,0.0
1000,0.15,model-type_original_comps_100_dense_512_007.h5,linf,40,10,0.9666,0.0
1000,1.0,model-type_original_comps_100_dense_512_007.h5,l2,100,10,0.9666,0.0363
1000,2.0,model-type_original_comps_100_dense_512_007.h5,l2,100,10,0.9666,0.0
1000,0.3,model-type_original_comps_100_dense_512_007.h5,linf,100,10,0.9666,0.0
1000,0.15,model-type_original_comps_100_dense_512_007.h5,linf,100,10,0.9666,0.0
1000,1.0,model-type_original_comps_10_dense_128_009.h5,l2,40,1,0.16,0.0794
1000,2.0,model-type_original_comps_10_dense_128_009.h5,l2,40,1,0.16,0.0256
1000,0.3,model-type_original_comps_10_dense_128_009.h5,linf,40,1,0.16,0.0001
1000,0.15,model-type_original_comps_10_dense_128_009.h5,linf,40,1,0.16,0.0101
1000,1.0,model-type_original_comps_10_dense_128_009.h5,l2,100,1,0.16,0.0793
1000,2.0,model-type_original_comps_10_dense_128_009.h5,l2,100,1,0.16,0.0233
1000,0.3,model-type_original_comps_10_dense_128_009.h5,linf,100,1,0.16,0.0004
1000,0.15,model-type_original_comps_10_dense_128_009.h5,linf,100,1,0.16,0.0078
1000,1.0,model-type_original_comps_10_dense_128_009.h5,l2,40,10,0.16,0.0777
1000,2.0,model-type_original_comps_10_dense_128_009.h5,l2,40,10,0.16,0.0139
1000,0.3,model-type_original_comps_10_dense_128_009.h5,linf,40,10,0.16,0.0
1000,0.15,model-type_original_comps_10_dense_128_009.h5,linf,40,10,0.16,0.0031
1000,1.0,model-type_original_comps_10_dense_128_009.h5,l2,100,10,0.16,0.077
1000,2.0,model-type_original_comps_10_dense_128_009.h5,l2,100,10,0.16,0.0141
1000,0.3,model-type_original_comps_10_dense_128_009.h5,linf,100,10,0.16,0.0
1000,0.15,model-type_original_comps_10_dense_128_009.h5,linf,100,10,0.16,0.0024
1000,1.0,model-type_original_comps_10_dense_256_009.h5,l2,40,1,0.1273,0.0781
1000,2.0,model-type_original_comps_10_dense_256_009.h5,l2,40,1,0.1273,0.0209
1000,0.3,model-type_original_comps_10_dense_256_009.h5,linf,40,1,0.1273,0.0
1000,0.15,model-type_original_comps_10_dense_256_009.h5,linf,40,1,0.1273,0.0043
1000,1.0,model-type_original_comps_10_dense_256_009.h5,l2,100,1,0.1273,0.079
1000,2.0,model-type_original_comps_10_dense_256_009.h5,l2,100,1,0.1273,0.0206
1000,0.3,model-type_original_comps_10_dense_256_009.h5,linf,100,1,0.1273,0.0
1000,0.15,model-type_original_comps_10_dense_256_009.h5,linf,100,1,0.1273,0.0042
1000,1.0,model-type_original_comps_10_dense_256_009.h5,l2,40,10,0.1273,0.0764
1000,2.0,model-type_original_comps_10_dense_256_009.h5,l2,40,10,0.1273,0.0077
1000,0.3,model-type_original_comps_10_dense_256_009.h5,linf,40,10,0.1273,0.0
1000,0.15,model-type_original_comps_10_dense_256_009.h5,linf,40,10,0.1273,0.0007
1000,1.0,model-type_original_comps_10_dense_256_009.h5,l2,100,10,0.1273,0.0763
1000,2.0,model-type_original_comps_10_dense_256_009.h5,l2,100,10,0.1273,0.0074
1000,0.3,model-type_original_comps_10_dense_256_009.h5,linf,100,10,0.1273,0.0
1000,0.15,model-type_original_comps_10_dense_256_009.h5,linf,100,10,0.1273,0.0003
1000,1.0,model-type_original_comps_10_dense_512_009.h5,l2,40,1,0.2883,0.0689
1000,2.0,model-type_original_comps_10_dense_512_009.h5,l2,40,1,0.2883,0.0044
1000,0.3,model-type_original_comps_10_dense_512_009.h5,linf,40,1,0.2883,0.0
1000,0.15,model-type_original_comps_10_dense_512_009.h5,linf,40,1,0.2883,0.0012
1000,1.0,model-type_original_comps_10_dense_512_009.h5,l2,100,1,0.2883,0.0693
1000,2.0,model-type_original_comps_10_dense_512_009.h5,l2,100,1,0.2883,0.0044
1000,0.3,model-type_original_comps_10_dense_512_009.h5,linf,100,1,0.2883,0.0002
1000,0.15,model-type_original_comps_10_dense_512_009.h5,linf,100,1,0.2883,0.0014
1000,1.0,model-type_original_comps_10_dense_512_009.h5,l2,40,10,0.2883,0.0636
1000,2.0,model-type_original_comps_10_dense_512_009.h5,l2,40,10,0.2883,0.0008
1000,0.3,model-type_original_comps_10_dense_512_009.h5,linf,40,10,0.2883,0.0
1000,0.15,model-type_original_comps_10_dense_512_009.h5,linf,40,10,0.2883,0.0
1000,1.0,model-type_original_comps_10_dense_512_009.h5,l2,100,10,0.2883,0.0635
1000,2.0,model-type_original_comps_10_dense_512_009.h5,l2,100,10,0.2883,0.0008
1000,0.3,model-type_original_comps_10_dense_512_009.h5,linf,100,10,0.2883,0.0
1000,0.15,model-type_original_comps_10_dense_512_009.h5,linf,100,10,0.2883,0.0
1000,1.0,model-type_original_comps_20_dense_128_008.h5,l2,40,1,0.3502,0.0467
1000,2.0,model-type_original_comps_20_dense_128_008.h5,l2,40,1,0.3502,0.0001
1000,0.3,model-type_original_comps_20_dense_128_008.h5,linf,40,1,0.3502,0.0
1000,0.15,model-type_original_comps_20_dense_128_008.h5,linf,40,1,0.3502,0.0001
1000,1.0,model-type_original_comps_20_dense_128_008.h5,l2,100,1,0.3502,0.047
1000,2.0,model-type_original_comps_20_dense_128_008.h5,l2,100,1,0.3502,0.0002
1000,0.3,model-type_original_comps_20_dense_128_008.h5,linf,100,1,0.3502,0.0
1000,0.15,model-type_original_comps_20_dense_128_008.h5,linf,100,1,0.3502,0.0
1000,1.0,model-type_original_comps_20_dense_128_008.h5,l2,40,10,0.3502,0.0405
1000,2.0,model-type_original_comps_20_dense_128_008.h5,l2,40,10,0.3502,0.0
1000,0.3,model-type_original_comps_20_dense_128_008.h5,linf,40,10,0.3502,0.0
1000,0.15,model-type_original_comps_20_dense_128_008.h5,linf,40,10,0.3502,0.0
1000,1.0,model-type_original_comps_20_dense_128_008.h5,l2,100,10,0.3502,0.0401
1000,2.0,model-type_original_comps_20_dense_128_008.h5,l2,100,10,0.3502,0.0
1000,0.3,model-type_original_comps_20_dense_128_008.h5,linf,100,10,0.3502,0.0
1000,0.15,model-type_original_comps_20_dense_128_008.h5,linf,100,10,0.3502,0.0
1000,1.0,model-type_original_comps_20_dense_256_009.h5,l2,40,1,0.6338,0.0333
1000,2.0,model-type_original_comps_20_dense_256_009.h5,l2,40,1,0.6338,0.0
1000,0.3,model-type_original_comps_20_dense_256_009.h5,linf,40,1,0.6338,0.0
1000,0.15,model-type_original_comps_20_dense_256_009.h5,linf,40,1,0.6338,0.0
1000,1.0,model-type_original_comps_20_dense_256_009.h5,l2,100,1,0.6338,0.0332
1000,2.0,model-type_original_comps_20_dense_256_009.h5,l2,100,1,0.6338,0.0
1000,0.3,model-type_original_comps_20_dense_256_009.h5,linf,100,1,0.6338,0.0
1000,0.15,model-type_original_comps_20_dense_256_009.h5,linf,100,1,0.6338,0.0
1000,1.0,model-type_original_comps_20_dense_256_009.h5,l2,40,10,0.6338,0.025
1000,2.0,model-type_original_comps_20_dense_256_009.h5,l2,40,10,0.6338,0.0
1000,0.3,model-type_original_comps_20_dense_256_009.h5,linf,40,10,0.6338,0.0
1000,0.15,model-type_original_comps_20_dense_256_009.h5,linf,40,10,0.6338,0.0
1000,1.0,model-type_original_comps_20_dense_256_009.h5,l2,100,10,0.6338,0.0247
1000,2.0,model-type_original_comps_20_dense_256_009.h5,l2,100,10,0.6338,0.0
1000,0.3,model-type_original_comps_20_dense_256_009.h5,linf,100,10,0.6338,0.0
1000,0.15,model-type_original_comps_20_dense_256_009.h5,linf,100,10,0.6338,0.0
1000,1.0,model-type_original_comps_20_dense_512_007.h5,l2,40,1,0.6873,0.0215
1000,2.0,model-type_original_comps_20_dense_512_007.h5,l2,40,1,0.6873,0.0
1000,0.3,model-type_original_comps_20_dense_512_007.h5,linf,40,1,0.6873,0.0
1000,0.15,model-type_original_comps_20_dense_512_007.h5,linf,40,1,0.6873,0.0
1000,1.0,model-type_original_comps_20_dense_512_007.h5,l2,100,1,0.6873,0.022
1000,2.0,model-type_original_comps_20_dense_512_007.h5,l2,100,1,0.6873,0.0
1000,0.3,model-type_original_comps_20_dense_512_007.h5,linf,100,1,0.6873,0.0
1000,0.15,model-type_original_comps_20_dense_512_007.h5,linf,100,1,0.6873,0.0
1000,1.0,model-type_original_comps_20_dense_512_007.h5,l2,40,10,0.6873,0.0142
1000,2.0,model-type_original_comps_20_dense_512_007.h5,l2,40,10,0.6873,0.0
1000,0.3,model-type_original_comps_20_dense_512_007.h5,linf,40,10,0.6873,0.0
1000,0.15,model-type_original_comps_20_dense_512_007.h5,linf,40,10,0.6873,0.0
1000,1.0,model-type_original_comps_20_dense_512_007.h5,l2,100,10,0.6873,0.0138
1000,2.0,model-type_original_comps_20_dense_512_007.h5,l2,100,10,0.6873,0.0
1000,0.3,model-type_original_comps_20_dense_512_007.h5,linf,100,10,0.6873,0.0
1000,0.15,model-type_original_comps_20_dense_512_007.h5,linf,100,10,0.6873,0.0
1000,1.0,model-type_original_comps_30_dense_128_007.h5,l2,40,1,0.6526,0.0227
1000,2.0,model-type_original_comps_30_dense_128_007.h5,l2,40,1,0.6526,0.0
1000,0.3,model-type_original_comps_30_dense_128_007.h5,linf,40,1,0.6526,0.0
1000,0.15,model-type_original_comps_30_dense_128_007.h5,linf,40,1,0.6526,0.0
1000,1.0,model-type_original_comps_30_dense_128_007.h5,l2,100,1,0.6526,0.0232
1000,2.0,model-type_original_comps_30_dense_128_007.h5,l2,100,1,0.6526,0.0
1000,0.3,model-type_original_comps_30_dense_128_007.h5,linf,100,1,0.6526,0.0
1000,0.15,model-type_original_comps_30_dense_128_007.h5,linf,100,1,0.6526,0.0
1000,1.0,model-type_original_comps_30_dense_128_007.h5,l2,40,10,0.6526,0.0185
1000,2.0,model-type_original_comps_30_dense_128_007.h5,l2,40,10,0.6526,0.0
1000,0.3,model-type_original_comps_30_dense_128_007.h5,linf,40,10,0.6526,0.0
1000,0.15,model-type_original_comps_30_dense_128_007.h5,linf,40,10,0.6526,0.0
1000,1.0,model-type_original_comps_30_dense_128_007.h5,l2,100,10,0.6526,0.0184
1000,2.0,model-type_original_comps_30_dense_128_007.h5,l2,100,10,0.6526,0.0
1000,0.3,model-type_original_comps_30_dense_128_007.h5,linf,100,10,0.6526,0.0
1000,0.15,model-type_original_comps_30_dense_128_007.h5,linf,100,10,0.6526,0.0
1000,1.0,model-type_original_comps_30_dense_256_009.h5,l2,40,1,0.8573,0.0132
1000,2.0,model-type_original_comps_30_dense_256_009.h5,l2,40,1,0.8573,0.0
1000,0.3,model-type_original_comps_30_dense_256_009.h5,linf,40,1,0.8573,0.0
1000,0.15,model-type_original_comps_30_dense_256_009.h5,linf,40,1,0.8573,0.0
1000,1.0,model-type_original_comps_30_dense_256_009.h5,l2,100,1,0.8573,0.0118
1000,2.0,model-type_original_comps_30_dense_256_009.h5,l2,100,1,0.8573,0.0
1000,0.3,model-type_original_comps_30_dense_256_009.h5,linf,100,1,0.8573,0.0
1000,0.15,model-type_original_comps_30_dense_256_009.h5,linf,100,1,0.8573,0.0
1000,1.0,model-type_original_comps_30_dense_256_009.h5,l2,40,10,0.8573,0.0095
1000,2.0,model-type_original_comps_30_dense_256_009.h5,l2,40,10,0.8573,0.0
1000,0.3,model-type_original_comps_30_dense_256_009.h5,linf,40,10,0.8573,0.0
1000,0.15,model-type_original_comps_30_dense_256_009.h5,linf,40,10,0.8573,0.0
1000,1.0,model-type_original_comps_30_dense_256_009.h5,l2,100,10,0.8573,0.0086
1000,2.0,model-type_original_comps_30_dense_256_009.h5,l2,100,10,0.8573,0.0
1000,0.3,model-type_original_comps_30_dense_256_009.h5,linf,100,10,0.8573,0.0
1000,0.15,model-type_original_comps_30_dense_256_009.h5,linf,100,10,0.8573,0.0
1000,1.0,model-type_original_comps_30_dense_512_008.h5,l2,40,1,0.799,0.023
1000,2.0,model-type_original_comps_30_dense_512_008.h5,l2,40,1,0.799,0.0
1000,0.3,model-type_original_comps_30_dense_512_008.h5,linf,40,1,0.799,0.0
1000,0.15,model-type_original_comps_30_dense_512_008.h5,linf,40,1,0.799,0.0
1000,1.0,model-type_original_comps_30_dense_512_008.h5,l2,100,1,0.799,0.0225
1000,2.0,model-type_original_comps_30_dense_512_008.h5,l2,100,1,0.799,0.0
1000,0.3,model-type_original_comps_30_dense_512_008.h5,linf,100,1,0.799,0.0
1000,0.15,model-type_original_comps_30_dense_512_008.h5,linf,100,1,0.799,0.0
1000,1.0,model-type_original_comps_30_dense_512_008.h5,l2,40,10,0.799,0.0138
1000,2.0,model-type_original_comps_30_dense_512_008.h5,l2,40,10,0.799,0.0
1000,0.3,model-type_original_comps_30_dense_512_008.h5,linf,40,10,0.799,0.0
1000,0.15,model-type_original_comps_30_dense_512_008.h5,linf,40,10,0.799,0.0
1000,1.0,model-type_original_comps_30_dense_512_008.h5,l2,100,10,0.799,0.0132
1000,2.0,model-type_original_comps_30_dense_512_008.h5,l2,100,10,0.799,0.0
1000,0.3,model-type_original_comps_30_dense_512_008.h5,linf,100,10,0.799,0.0
1000,0.15,model-type_original_comps_30_dense_512_008.h5,linf,100,10,0.799,0.0
1000,1.0,model-type_original_comps_40_dense_128_007.h5,l2,40,1,0.8363,0.0085
1000,2.0,model-type_original_comps_40_dense_128_007.h5,l2,40,1,0.8363,0.0
1000,0.3,model-type_original_comps_40_dense_128_007.h5,linf,40,1,0.8363,0.0
1000,0.15,model-type_original_comps_40_dense_128_007.h5,linf,40,1,0.8363,0.0
1000,1.0,model-type_original_comps_40_dense_128_007.h5,l2,100,1,0.8363,0.008
1000,2.0,model-type_original_comps_40_dense_128_007.h5,l2,100,1,0.8363,0.0
1000,0.3,model-type_original_comps_40_dense_128_007.h5,linf,100,1,0.8363,0.0
1000,0.15,model-type_original_comps_40_dense_128_007.h5,linf,100,1,0.8363,0.0
1000,1.0,model-type_original_comps_40_dense_128_007.h5,l2,40,10,0.8363,0.0062
1000,2.0,model-type_original_comps_40_dense_128_007.h5,l2,40,10,0.8363,0.0
1000,0.3,model-type_original_comps_40_dense_128_007.h5,linf,40,10,0.8363,0.0
1000,0.15,model-type_original_comps_40_dense_128_007.h5,linf,40,10,0.8363,0.0
1000,1.0,model-type_original_comps_40_dense_128_007.h5,l2,100,10,0.8363,0.0064
1000,2.0,model-type_original_comps_40_dense_128_007.h5,l2,100,10,0.8363,0.0
1000,0.3,model-type_original_comps_40_dense_128_007.h5,linf,100,10,0.8363,0.0
1000,0.15,model-type_original_comps_40_dense_128_007.h5,linf,100,10,0.8363,0.0
1000,1.0,model-type_original_comps_40_dense_256_006.h5,l2,40,1,0.8395,0.0155
1000,2.0,model-type_original_comps_40_dense_256_006.h5,l2,40,1,0.8395,0.0
1000,0.3,model-type_original_comps_40_dense_256_006.h5,linf,40,1,0.8395,0.0
1000,0.15,model-type_original_comps_40_dense_256_006.h5,linf,40,1,0.8395,0.0
1000,1.0,model-type_original_comps_40_dense_256_006.h5,l2,100,1,0.8395,0.0137
1000,2.0,model-type_original_comps_40_dense_256_006.h5,l2,100,1,0.8395,0.0
1000,0.3,model-type_original_comps_40_dense_256_006.h5,linf,100,1,0.8395,0.0
1000,0.15,model-type_original_comps_40_dense_256_006.h5,linf,100,1,0.8395,0.0
1000,1.0,model-type_original_comps_40_dense_256_006.h5,l2,40,10,0.8395,0.0101
1000,2.0,model-type_original_comps_40_dense_256_006.h5,l2,40,10,0.8395,0.0
1000,0.3,model-type_original_comps_40_dense_256_006.h5,linf,40,10,0.8395,0.0
1000,0.15,model-type_original_comps_40_dense_256_006.h5,linf,40,10,0.8395,0.0
1000,1.0,model-type_original_comps_40_dense_256_006.h5,l2,100,10,0.8395,0.0092
1000,2.0,model-type_original_comps_40_dense_256_006.h5,l2,100,10,0.8395,0.0
1000,0.3,model-type_original_comps_40_dense_256_006.h5,linf,100,10,0.8395,0.0
1000,0.15,model-type_original_comps_40_dense_256_006.h5,linf,100,10,0.8395,0.0
1000,1.0,model-type_original_comps_40_dense_512_007.h5,l2,40,1,0.8662,0.0592
1000,2.0,model-type_original_comps_40_dense_512_007.h5,l2,40,1,0.8662,0.0
1000,0.3,model-type_original_comps_40_dense_512_007.h5,linf,40,1,0.8662,0.0
1000,0.15,model-type_original_comps_40_dense_512_007.h5,linf,40,1,0.8662,0.0
1000,1.0,model-type_original_comps_40_dense_512_007.h5,l2,100,1,0.8662,0.059
1000,2.0,model-type_original_comps_40_dense_512_007.h5,l2,100,1,0.8662,0.0
1000,0.3,model-type_original_comps_40_dense_512_007.h5,linf,100,1,0.8662,0.0
1000,0.15,model-type_original_comps_40_dense_512_007.h5,linf,100,1,0.8662,0.0
1000,1.0,model-type_original_comps_40_dense_512_007.h5,l2,40,10,0.8662,0.048
1000,2.0,model-type_original_comps_40_dense_512_007.h5,l2,40,10,0.8662,0.0
1000,0.3,model-type_original_comps_40_dense_512_007.h5,linf,40,10,0.8662,0.0
1000,0.15,model-type_original_comps_40_dense_512_007.h5,linf,40,10,0.8662,0.0
1000,1.0,model-type_original_comps_40_dense_512_007.h5,l2,100,10,0.8662,0.0485
1000,2.0,model-type_original_comps_40_dense_512_007.h5,l2,100,10,0.8662,0.0
1000,0.3,model-type_original_comps_40_dense_512_007.h5,linf,100,10,0.8662,0.0
1000,0.15,model-type_original_comps_40_dense_512_007.h5,linf,100,10,0.8662,0.0
1000,1.0,model-type_original_comps_50_dense_128_008.h5,l2,40,1,0.9091,0.0111
1000,2.0,model-type_original_comps_50_dense_128_008.h5,l2,40,1,0.9091,0.0
1000,0.3,model-type_original_comps_50_dense_128_008.h5,linf,40,1,0.9091,0.0
1000,0.15,model-type_original_comps_50_dense_128_008.h5,linf,40,1,0.9091,0.0
1000,1.0,model-type_original_comps_50_dense_128_008.h5,l2,100,1,0.9091,0.0115
1000,2.0,model-type_original_comps_50_dense_128_008.h5,l2,100,1,0.9091,0.0
1000,0.3,model-type_original_comps_50_dense_128_008.h5,linf,100,1,0.9091,0.0
1000,0.15,model-type_original_comps_50_dense_128_008.h5,linf,100,1,0.9091,0.0
1000,1.0,model-type_original_comps_50_dense_128_008.h5,l2,40,10,0.9091,0.0087
1000,2.0,model-type_original_comps_50_dense_128_008.h5,l2,40,10,0.9091,0.0
1000,0.3,model-type_original_comps_50_dense_128_008.h5,linf,40,10,0.9091,0.0
1000,0.15,model-type_original_comps_50_dense_128_008.h5,linf,40,10,0.9091,0.0
1000,1.0,model-type_original_comps_50_dense_128_008.h5,l2,100,10,0.9091,0.0083
1000,2.0,model-type_original_comps_50_dense_128_008.h5,l2,100,10,0.9091,0.0
1000,0.3,model-type_original_comps_50_dense_128_008.h5,linf,100,10,0.9091,0.0
1000,0.15,model-type_original_comps_50_dense_128_008.h5,linf,100,10,0.9091,0.0
1000,1.0,model-type_original_comps_50_dense_256_008.h5,l2,40,1,0.9521,0.0303
1000,2.0,model-type_original_comps_50_dense_256_008.h5,l2,40,1,0.9521,0.0
1000,0.3,model-type_original_comps_50_dense_256_008.h5,linf,40,1,0.9521,0.0
1000,0.15,model-type_original_comps_50_dense_256_008.h5,linf,40,1,0.9521,0.0
1000,1.0,model-type_original_comps_50_dense_256_008.h5,l2,100,1,0.9521,0.0281
1000,2.0,model-type_original_comps_50_dense_256_008.h5,l2,100,1,0.9521,0.0
1000,0.3,model-type_original_comps_50_dense_256_008.h5,linf,100,1,0.9521,0.0
1000,0.15,model-type_original_comps_50_dense_256_008.h5,linf,100,1,0.9521,0.0
1000,1.0,model-type_original_comps_50_dense_256_008.h5,l2,40,10,0.9521,0.0228
1000,2.0,model-type_original_comps_50_dense_256_008.h5,l2,40,10,0.9521,0.0
1000,0.3,model-type_original_comps_50_dense_256_008.h5,linf,40,10,0.9521,0.0
1000,0.15,model-type_original_comps_50_dense_256_008.h5,linf,40,10,0.9521,0.0
1000,1.0,model-type_original_comps_50_dense_256_008.h5,l2,100,10,0.9521,0.0224
1000,2.0,model-type_original_comps_50_dense_256_008.h5,l2,100,10,0.9521,0.0
1000,0.3,model-type_original_comps_50_dense_256_008.h5,linf,100,10,0.9521,0.0
1000,0.15,model-type_original_comps_50_dense_256_008.h5,linf,100,10,0.9521,0.0
1000,1.0,model-type_original_comps_50_dense_512_008.h5,l2,40,1,0.9305,0.0328
1000,2.0,model-type_original_comps_50_dense_512_008.h5,l2,40,1,0.9305,0.0
1000,0.3,model-type_original_comps_50_dense_512_008.h5,linf,40,1,0.9305,0.0
1000,0.15,model-type_original_comps_50_dense_512_008.h5,linf,40,1,0.9305,0.0
1000,1.0,model-type_original_comps_50_dense_512_008.h5,l2,100,1,0.9305,0.0317
1000,2.0,model-type_original_comps_50_dense_512_008.h5,l2,100,1,0.9305,0.0
1000,0.3,model-type_original_comps_50_dense_512_008.h5,linf,100,1,0.9305,0.0
1000,0.15,model-type_original_comps_50_dense_512_008.h5,linf,100,1,0.9305,0.0
1000,1.0,model-type_original_comps_50_dense_512_008.h5,l2,40,10,0.9305,0.0241
1000,2.0,model-type_original_comps_50_dense_512_008.h5,l2,40,10,0.9305,0.0
1000,0.3,model-type_original_comps_50_dense_512_008.h5,linf,40,10,0.9305,0.0
1000,0.15,model-type_original_comps_50_dense_512_008.h5,linf,40,10,0.9305,0.0
1000,1.0,model-type_original_comps_50_dense_512_008.h5,l2,100,10,0.9305,0.0238
1000,2.0,model-type_original_comps_50_dense_512_008.h5,l2,100,10,0.9305,0.0
1000,0.3,model-type_original_comps_50_dense_512_008.h5,linf,100,10,0.9305,0.0
1000,0.15,model-type_original_comps_50_dense_512_008.h5,linf,100,10,0.9305,0.0
1000,1.0,model-type_original_comps_60_dense_128_007.h5,l2,40,1,0.9446,0.0197
1000,2.0,model-type_original_comps_60_dense_128_007.h5,l2,40,1,0.9446,0.0
1000,0.3,model-type_original_comps_60_dense_128_007.h5,linf,40,1,0.9446,0.0
1000,0.15,model-type_original_comps_60_dense_128_007.h5,linf,40,1,0.9446,0.0
1000,1.0,model-type_original_comps_60_dense_128_007.h5,l2,100,1,0.9446,0.0195
1000,2.0,model-type_original_comps_60_dense_128_007.h5,l2,100,1,0.9446,0.0
1000,0.3,model-type_original_comps_60_dense_128_007.h5,linf,100,1,0.9446,0.0
1000,0.15,model-type_original_comps_60_dense_128_007.h5,linf,100,1,0.9446,0.0
1000,1.0,model-type_original_comps_60_dense_128_007.h5,l2,40,10,0.9446,0.016
1000,2.0,model-type_original_comps_60_dense_128_007.h5,l2,40,10,0.9446,0.0
1000,0.3,model-type_original_comps_60_dense_128_007.h5,linf,40,10,0.9446,0.0
1000,0.15,model-type_original_comps_60_dense_128_007.h5,linf,40,10,0.9446,0.0
1000,1.0,model-type_original_comps_60_dense_128_007.h5,l2,100,10,0.9446,0.0154
1000,2.0,model-type_original_comps_60_dense_128_007.h5,l2,100,10,0.9446,0.0
1000,0.3,model-type_original_comps_60_dense_128_007.h5,linf,100,10,0.9446,0.0
1000,0.15,model-type_original_comps_60_dense_128_007.h5,linf,100,10,0.9446,0.0
1000,1.0,model-type_original_comps_60_dense_256_009.h5,l2,40,1,0.9394,0.0389
1000,2.0,model-type_original_comps_60_dense_256_009.h5,l2,40,1,0.9394,0.0
1000,0.3,model-type_original_comps_60_dense_256_009.h5,linf,40,1,0.9394,0.0
1000,0.15,model-type_original_comps_60_dense_256_009.h5,linf,40,1,0.9394,0.0
1000,1.0,model-type_original_comps_60_dense_256_009.h5,l2,100,1,0.9394,0.0375
1000,2.0,model-type_original_comps_60_dense_256_009.h5,l2,100,1,0.9394,0.0
1000,0.3,model-type_original_comps_60_dense_256_009.h5,linf,100,1,0.9394,0.0
1000,0.15,model-type_original_comps_60_dense_256_009.h5,linf,100,1,0.9394,0.0
1000,1.0,model-type_original_comps_60_dense_256_009.h5,l2,40,10,0.9394,0.0306
1000,2.0,model-type_original_comps_60_dense_256_009.h5,l2,40,10,0.9394,0.0
1000,0.3,model-type_original_comps_60_dense_256_009.h5,linf,40,10,0.9394,0.0
1000,0.15,model-type_original_comps_60_dense_256_009.h5,linf,40,10,0.9394,0.0
1000,1.0,model-type_original_comps_60_dense_256_009.h5,l2,100,10,0.9394,0.0296
1000,2.0,model-type_original_comps_60_dense_256_009.h5,l2,100,10,0.9394,0.0
1000,0.3,model-type_original_comps_60_dense_256_009.h5,linf,100,10,0.9394,0.0
1000,0.15,model-type_original_comps_60_dense_256_009.h5,linf,100,10,0.9394,0.0
1000,1.0,model-type_original_comps_60_dense_512_006.h5,l2,40,1,0.96,0.0421
1000,2.0,model-type_original_comps_60_dense_512_006.h5,l2,40,1,0.96,0.0
1000,0.3,model-type_original_comps_60_dense_512_006.h5,linf,40,1,0.96,0.0
1000,0.15,model-type_original_comps_60_dense_512_006.h5,linf,40,1,0.96,0.0
1000,1.0,model-type_original_comps_60_dense_512_006.h5,l2,100,1,0.96,0.0413
1000,2.0,model-type_original_comps_60_dense_512_006.h5,l2,100,1,0.96,0.0
1000,0.3,model-type_original_comps_60_dense_512_006.h5,linf,100,1,0.96,0.0
1000,0.15,model-type_original_comps_60_dense_512_006.h5,linf,100,1,0.96,0.0
1000,1.0,model-type_original_comps_60_dense_512_006.h5,l2,40,10,0.96,0.032
1000,2.0,model-type_original_comps_60_dense_512_006.h5,l2,40,10,0.96,0.0
1000,0.3,model-type_original_comps_60_dense_512_006.h5,linf,40,10,0.96,0.0
1000,0.15,model-type_original_comps_60_dense_512_006.h5,linf,40,10,0.96,0.0
1000,1.0,model-type_original_comps_60_dense_512_006.h5,l2,100,10,0.96,0.0314
1000,2.0,model-type_original_comps_60_dense_512_006.h5,l2,100,10,0.96,0.0
1000,0.3,model-type_original_comps_60_dense_512_006.h5,linf,100,10,0.96,0.0
1000,0.15,model-type_original_comps_60_dense_512_006.h5,linf,100,10,0.96,0.0
1000,1.0,model-type_original_comps_70_dense_128_009.h5,l2,40,1,0.9577,0.0127
1000,2.0,model-type_original_comps_70_dense_128_009.h5,l2,40,1,0.9577,0.0
1000,0.3,model-type_original_comps_70_dense_128_009.h5,linf,40,1,0.9577,0.0
1000,0.15,model-type_original_comps_70_dense_128_009.h5,linf,40,1,0.9577,0.0
1000,1.0,model-type_original_comps_70_dense_128_009.h5,l2,100,1,0.9577,0.0128
1000,2.0,model-type_original_comps_70_dense_128_009.h5,l2,100,1,0.9577,0.0
1000,0.3,model-type_original_comps_70_dense_128_009.h5,linf,100,1,0.9577,0.0
1000,0.15,model-type_original_comps_70_dense_128_009.h5,linf,100,1,0.9577,0.0
1000,1.0,model-type_original_comps_70_dense_128_009.h5,l2,40,10,0.9577,0.0105
1000,2.0,model-type_original_comps_70_dense_128_009.h5,l2,40,10,0.9577,0.0
1000,0.3,model-type_original_comps_70_dense_128_009.h5,linf,40,10,0.9577,0.0
1000,0.15,model-type_original_comps_70_dense_128_009.h5,linf,40,10,0.9577,0.0
1000,1.0,model-type_original_comps_70_dense_128_009.h5,l2,100,10,0.9577,0.0098
1000,2.0,model-type_original_comps_70_dense_128_009.h5,l2,100,10,0.9577,0.0
1000,0.3,model-type_original_comps_70_dense_128_009.h5,linf,100,10,0.9577,0.0
1000,0.15,model-type_original_comps_70_dense_128_009.h5,linf,100,10,0.9577,0.0
1000,1.0,model-type_original_comps_70_dense_256_008.h5,l2,40,1,0.9481,0.0403
1000,2.0,model-type_original_comps_70_dense_256_008.h5,l2,40,1,0.9481,0.0
1000,0.3,model-type_original_comps_70_dense_256_008.h5,linf,40,1,0.9481,0.0
1000,0.15,model-type_original_comps_70_dense_256_008.h5,linf,40,1,0.9481,0.0
1000,1.0,model-type_original_comps_70_dense_256_008.h5,l2,100,1,0.9481,0.04
1000,2.0,model-type_original_comps_70_dense_256_008.h5,l2,100,1,0.9481,0.0
1000,0.3,model-type_original_comps_70_dense_256_008.h5,linf,100,1,0.9481,0.0
1000,0.15,model-type_original_comps_70_dense_256_008.h5,linf,100,1,0.9481,0.0
1000,1.0,model-type_original_comps_70_dense_256_008.h5,l2,40,10,0.9481,0.0334
1000,2.0,model-type_original_comps_70_dense_256_008.h5,l2,40,10,0.9481,0.0
1000,0.3,model-type_original_comps_70_dense_256_008.h5,linf,40,10,0.9481,0.0
1000,0.15,model-type_original_comps_70_dense_256_008.h5,linf,40,10,0.9481,0.0
1000,1.0,model-type_original_comps_70_dense_256_008.h5,l2,100,10,0.9481,0.0323
1000,2.0,model-type_original_comps_70_dense_256_008.h5,l2,100,10,0.9481,0.0
1000,0.3,model-type_original_comps_70_dense_256_008.h5,linf,100,10,0.9481,0.0
1000,0.15,model-type_original_comps_70_dense_256_008.h5,linf,100,10,0.9481,0.0
1000,1.0,model-type_original_comps_70_dense_512_009.h5,l2,40,1,0.9515,0.0752
1000,2.0,model-type_original_comps_70_dense_512_009.h5,l2,40,1,0.9515,0.0
1000,0.3,model-type_original_comps_70_dense_512_009.h5,linf,40,1,0.9515,0.0
1000,0.15,model-type_original_comps_70_dense_512_009.h5,linf,40,1,0.9515,0.0
1000,1.0,model-type_original_comps_70_dense_512_009.h5,l2,100,1,0.9515,0.0739
1000,2.0,model-type_original_comps_70_dense_512_009.h5,l2,100,1,0.9515,0.0
1000,0.3,model-type_original_comps_70_dense_512_009.h5,linf,100,1,0.9515,0.0
1000,0.15,model-type_original_comps_70_dense_512_009.h5,linf,100,1,0.9515,0.0
1000,1.0,model-type_original_comps_70_dense_512_009.h5,l2,40,10,0.9515,0.064
1000,2.0,model-type_original_comps_70_dense_512_009.h5,l2,40,10,0.9515,0.0
1000,0.3,model-type_original_comps_70_dense_512_009.h5,linf,40,10,0.9515,0.0
1000,0.15,model-type_original_comps_70_dense_512_009.h5,linf,40,10,0.9515,0.0
1000,1.0,model-type_original_comps_70_dense_512_009.h5,l2,100,10,0.9515,0.0621
1000,2.0,model-type_original_comps_70_dense_512_009.h5,l2,100,10,0.9515,0.0
1000,0.3,model-type_original_comps_70_dense_512_009.h5,linf,100,10,0.9515,0.0
1000,0.15,model-type_original_comps_70_dense_512_009.h5,linf,100,10,0.9515,0.0
1000,1.0,model-type_original_comps_80_dense_128_008.h5,l2,40,1,0.9434,0.0215
1000,2.0,model-type_original_comps_80_dense_128_008.h5,l2,40,1,0.9434,0.0
1000,0.3,model-type_original_comps_80_dense_128_008.h5,linf,40,1,0.9434,0.0
1000,0.15,model-type_original_comps_80_dense_128_008.h5,linf,40,1,0.9434,0.0
1000,1.0,model-type_original_comps_80_dense_128_008.h5,l2,100,1,0.9434,0.0211
1000,2.0,model-type_original_comps_80_dense_128_008.h5,l2,100,1,0.9434,0.0
1000,0.3,model-type_original_comps_80_dense_128_008.h5,linf,100,1,0.9434,0.0
1000,0.15,model-type_original_comps_80_dense_128_008.h5,linf,100,1,0.9434,0.0
1000,1.0,model-type_original_comps_80_dense_128_008.h5,l2,40,10,0.9434,0.0167
1000,2.0,model-type_original_comps_80_dense_128_008.h5,l2,40,10,0.9434,0.0
1000,0.3,model-type_original_comps_80_dense_128_008.h5,linf,40,10,0.9434,0.0
1000,0.15,model-type_original_comps_80_dense_128_008.h5,linf,40,10,0.9434,0.0
1000,1.0,model-type_original_comps_80_dense_128_008.h5,l2,100,10,0.9434,0.0165
1000,2.0,model-type_original_comps_80_dense_128_008.h5,l2,100,10,0.9434,0.0
1000,0.3,model-type_original_comps_80_dense_128_008.h5,linf,100,10,0.9434,0.0
1000,0.15,model-type_original_comps_80_dense_128_008.h5,linf,100,10,0.9434,0.0
1000,1.0,model-type_original_comps_80_dense_256_009.h5,l2,40,1,0.9586,0.0447
1000,2.0,model-type_original_comps_80_dense_256_009.h5,l2,40,1,0.9586,0.0
1000,0.3,model-type_original_comps_80_dense_256_009.h5,linf,40,1,0.9586,0.0
1000,0.15,model-type_original_comps_80_dense_256_009.h5,linf,40,1,0.9586,0.0
1000,1.0,model-type_original_comps_80_dense_256_009.h5,l2,100,1,0.9586,0.045
1000,2.0,model-type_original_comps_80_dense_256_009.h5,l2,100,1,0.9586,0.0
1000,0.3,model-type_original_comps_80_dense_256_009.h5,linf,100,1,0.9586,0.0
1000,0.15,model-type_original_comps_80_dense_256_009.h5,linf,100,1,0.9586,0.0
1000,1.0,model-type_original_comps_80_dense_256_009.h5,l2,40,10,0.9586,0.037
1000,2.0,model-type_original_comps_80_dense_256_009.h5,l2,40,10,0.9586,0.0
1000,0.3,model-type_original_comps_80_dense_256_009.h5,linf,40,10,0.9586,0.0
1000,0.15,model-type_original_comps_80_dense_256_009.h5,linf,40,10,0.9586,0.0
1000,1.0,model-type_original_comps_80_dense_256_009.h5,l2,100,10,0.9586,0.0365
1000,2.0,model-type_original_comps_80_dense_256_009.h5,l2,100,10,0.9586,0.0
1000,0.3,model-type_original_comps_80_dense_256_009.h5,linf,100,10,0.9586,0.0
1000,0.15,model-type_original_comps_80_dense_256_009.h5,linf,100,10,0.9586,0.0
1000,1.0,model-type_original_comps_80_dense_512_009.h5,l2,40,1,0.9569,0.0636
1000,2.0,model-type_original_comps_80_dense_512_009.h5,l2,40,1,0.9569,0.0
1000,0.3,model-type_original_comps_80_dense_512_009.h5,linf,40,1,0.9569,0.0
1000,0.15,model-type_original_comps_80_dense_512_009.h5,linf,40,1,0.9569,0.0
1000,1.0,model-type_original_comps_80_dense_512_009.h5,l2,100,1,0.9569,0.0631
1000,2.0,model-type_original_comps_80_dense_512_009.h5,l2,100,1,0.9569,0.0
1000,0.3,model-type_original_comps_80_dense_512_009.h5,linf,100,1,0.9569,0.0
1000,0.15,model-type_original_comps_80_dense_512_009.h5,linf,100,1,0.9569,0.0
1000,1.0,model-type_original_comps_80_dense_512_009.h5,l2,40,10,0.9569,0.0518
1000,2.0,model-type_original_comps_80_dense_512_009.h5,l2,40,10,0.9569,0.0
1000,0.3,model-type_original_comps_80_dense_512_009.h5,linf,40,10,0.9569,0.0
1000,0.15,model-type_original_comps_80_dense_512_009.h5,linf,40,10,0.9569,0.0
1000,1.0,model-type_original_comps_80_dense_512_009.h5,l2,100,10,0.9569,0.0502
1000,2.0,model-type_original_comps_80_dense_512_009.h5,l2,100,10,0.9569,0.0
1000,0.3,model-type_original_comps_80_dense_512_009.h5,linf,100,10,0.9569,0.0
1000,0.15,model-type_original_comps_80_dense_512_009.h5,linf,100,10,0.9569,0.0
1000,1.0,model-type_original_comps_90_dense_128_007.h5,l2,40,1,0.9604,0.017
1000,2.0,model-type_original_comps_90_dense_128_007.h5,l2,40,1,0.9604,0.0
1000,0.3,model-type_original_comps_90_dense_128_007.h5,linf,40,1,0.9604,0.0
1000,0.15,model-type_original_comps_90_dense_128_007.h5,linf,40,1,0.9604,0.0
1000,1.0,model-type_original_comps_90_dense_128_007.h5,l2,100,1,0.9604,0.017
1000,2.0,model-type_original_comps_90_dense_128_007.h5,l2,100,1,0.9604,0.0
1000,0.3,model-type_original_comps_90_dense_128_007.h5,linf,100,1,0.9604,0.0
1000,0.15,model-type_original_comps_90_dense_128_007.h5,linf,100,1,0.9604,0.0
1000,1.0,model-type_original_comps_90_dense_128_007.h5,l2,40,10,0.9604,0.0133
1000,2.0,model-type_original_comps_90_dense_128_007.h5,l2,40,10,0.9604,0.0
1000,0.3,model-type_original_comps_90_dense_128_007.h5,linf,40,10,0.9604,0.0
1000,0.15,model-type_original_comps_90_dense_128_007.h5,linf,40,10,0.9604,0.0
1000,1.0,model-type_original_comps_90_dense_128_007.h5,l2,100,10,0.9604,0.0128
1000,2.0,model-type_original_comps_90_dense_128_007.h5,l2,100,10,0.9604,0.0
1000,0.3,model-type_original_comps_90_dense_128_007.h5,linf,100,10,0.9604,0.0
1000,0.15,model-type_original_comps_90_dense_128_007.h5,linf,100,10,0.9604,0.0
1000,1.0,model-type_original_comps_90_dense_256_006.h5,l2,40,1,0.964,0.0319
1000,2.0,model-type_original_comps_90_dense_256_006.h5,l2,40,1,0.964,0.0
1000,0.3,model-type_original_comps_90_dense_256_006.h5,linf,40,1,0.964,0.0
1000,0.15,model-type_original_comps_90_dense_256_006.h5,linf,40,1,0.964,0.0
1000,1.0,model-type_original_comps_90_dense_256_006.h5,l2,100,1,0.964,0.031
1000,2.0,model-type_original_comps_90_dense_256_006.h5,l2,100,1,0.964,0.0
1000,0.3,model-type_original_comps_90_dense_256_006.h5,linf,100,1,0.964,0.0
1000,0.15,model-type_original_comps_90_dense_256_006.h5,linf,100,1,0.964,0.0
1000,1.0,model-type_original_comps_90_dense_256_006.h5,l2,40,10,0.964,0.0263
1000,2.0,model-type_original_comps_90_dense_256_006.h5,l2,40,10,0.964,0.0
1000,0.3,model-type_original_comps_90_dense_256_006.h5,linf,40,10,0.964,0.0
1000,0.15,model-type_original_comps_90_dense_256_006.h5,linf,40,10,0.964,0.0
1000,1.0,model-type_original_comps_90_dense_256_006.h5,l2,100,10,0.964,0.0255
1000,2.0,model-type_original_comps_90_dense_256_006.h5,l2,100,10,0.964,0.0
1000,0.3,model-type_original_comps_90_dense_256_006.h5,linf,100,10,0.964,0.0
1000,0.15,model-type_original_comps_90_dense_256_006.h5,linf,100,10,0.964,0.0
1000,1.0,model-type_original_comps_90_dense_512_009.h5,l2,40,1,0.9643,0.0605
1000,2.0,model-type_original_comps_90_dense_512_009.h5,l2,40,1,0.9643,0.0
1000,0.3,model-type_original_comps_90_dense_512_009.h5,linf,40,1,0.9643,0.0
1000,0.15,model-type_original_comps_90_dense_512_009.h5,linf,40,1,0.9643,0.0
1000,1.0,model-type_original_comps_90_dense_512_009.h5,l2,100,1,0.9643,0.0597
1000,2.0,model-type_original_comps_90_dense_512_009.h5,l2,100,1,0.9643,0.0
1000,0.3,model-type_original_comps_90_dense_512_009.h5,linf,100,1,0.9643,0.0
1000,0.15,model-type_original_comps_90_dense_512_009.h5,linf,100,1,0.9643,0.0
1000,1.0,model-type_original_comps_90_dense_512_009.h5,l2,40,10,0.9643,0.0508
1000,2.0,model-type_original_comps_90_dense_512_009.h5,l2,40,10,0.9643,0.0
1000,0.3,model-type_original_comps_90_dense_512_009.h5,linf,40,10,0.9643,0.0
1000,0.15,model-type_original_comps_90_dense_512_009.h5,linf,40,10,0.9643,0.0
1000,1.0,model-type_original_comps_90_dense_512_009.h5,l2,100,10,0.9643,0.0506
1000,2.0,model-type_original_comps_90_dense_512_009.h5,l2,100,10,0.9643,0.0
1000,0.3,model-type_original_comps_90_dense_512_009.h5,linf,100,10,0.9643,0.0
1000,0.15,model-type_original_comps_90_dense_512_009.h5,linf,100,10,0.9643,0.0
1000,1.0,model-type_svd-reconstruct_comps_100_dense_128_009.h5,l2,40,1,0.5155,0.1063
1000,2.0,model-type_svd-reconstruct_comps_100_dense_128_009.h5,l2,40,1,0.5155,0.0029
1000,0.3,model-type_svd-reconstruct_comps_100_dense_128_009.h5,linf,40,1,0.5155,0.0
1000,0.15,model-type_svd-reconstruct_comps_100_dense_128_009.h5,linf,40,1,0.5155,0.0001
1000,1.0,model-type_svd-reconstruct_comps_100_dense_128_009.h5,l2,100,1,0.5155,0.1053
1000,2.0,model-type_svd-reconstruct_comps_100_dense_128_009.h5,l2,100,1,0.5155,0.0031
1000,0.3,model-type_svd-reconstruct_comps_100_dense_128_009.h5,linf,100,1,0.5155,0.0
1000,0.15,model-type_svd-reconstruct_comps_100_dense_128_009.h5,linf,100,1,0.5155,0.0002
1000,1.0,model-type_svd-reconstruct_comps_100_dense_128_009.h5,l2,40,10,0.5155,0.1022
1000,2.0,model-type_svd-reconstruct_comps_100_dense_128_009.h5,l2,40,10,0.5155,0.0026
1000,0.3,model-type_svd-reconstruct_comps_100_dense_128_009.h5,linf,40,10,0.5155,0.0
1000,0.15,model-type_svd-reconstruct_comps_100_dense_128_009.h5,linf,40,10,0.5155,0.0001
1000,1.0,model-type_svd-reconstruct_comps_100_dense_128_009.h5,l2,100,10,0.5155,0.1022
1000,2.0,model-type_svd-reconstruct_comps_100_dense_128_009.h5,l2,100,10,0.5155,0.0025
1000,0.3,model-type_svd-reconstruct_comps_100_dense_128_009.h5,linf,100,10,0.5155,0.0
1000,0.15,model-type_svd-reconstruct_comps_100_dense_128_009.h5,linf,100,10,0.5155,0.0001
1000,1.0,model-type_svd-reconstruct_comps_100_dense_256_008.h5,l2,40,1,0.6494,0.2883
1000,2.0,model-type_svd-reconstruct_comps_100_dense_256_008.h5,l2,40,1,0.6494,0.0449
1000,0.3,model-type_svd-reconstruct_comps_100_dense_256_008.h5,linf,40,1,0.6494,0.0
1000,0.15,model-type_svd-reconstruct_comps_100_dense_256_008.h5,linf,40,1,0.6494,0.0202
1000,1.0,model-type_svd-reconstruct_comps_100_dense_256_008.h5,l2,100,1,0.6494,0.2873
1000,2.0,model-type_svd-reconstruct_comps_100_dense_256_008.h5,l2,100,1,0.6494,0.045
1000,0.3,model-type_svd-reconstruct_comps_100_dense_256_008.h5,linf,100,1,0.6494,0.0
1000,0.15,model-type_svd-reconstruct_comps_100_dense_256_008.h5,linf,100,1,0.6494,0.0197
1000,1.0,model-type_svd-reconstruct_comps_100_dense_256_008.h5,l2,40,10,0.6494,0.2826
1000,2.0,model-type_svd-reconstruct_comps_100_dense_256_008.h5,l2,40,10,0.6494,0.0409
1000,0.3,model-type_svd-reconstruct_comps_100_dense_256_008.h5,linf,40,10,0.6494,0.0
1000,0.15,model-type_svd-reconstruct_comps_100_dense_256_008.h5,linf,40,10,0.6494,0.0177
1000,1.0,model-type_svd-reconstruct_comps_100_dense_256_008.h5,l2,100,10,0.6494,0.2826
1000,2.0,model-type_svd-reconstruct_comps_100_dense_256_008.h5,l2,100,10,0.6494,0.0407
1000,0.3,model-type_svd-reconstruct_comps_100_dense_256_008.h5,linf,100,10,0.6494,0.0
1000,0.15,model-type_svd-reconstruct_comps_100_dense_256_008.h5,linf,100,10,0.6494,0.0177
1000,1.0,model-type_svd-reconstruct_comps_100_dense_512_009.h5,l2,40,1,0.7678,0.3394
1000,2.0,model-type_svd-reconstruct_comps_100_dense_512_009.h5,l2,40,1,0.7678,0.0741
1000,0.3,model-type_svd-reconstruct_comps_100_dense_512_009.h5,linf,40,1,0.7678,0.0
1000,0.15,model-type_svd-reconstruct_comps_100_dense_512_009.h5,linf,40,1,0.7678,0.0325
1000,1.0,model-type_svd-reconstruct_comps_100_dense_512_009.h5,l2,100,1,0.7678,0.3384
1000,2.0,model-type_svd-reconstruct_comps_100_dense_512_009.h5,l2,100,1,0.7678,0.0729
1000,0.3,model-type_svd-reconstruct_comps_100_dense_512_009.h5,linf,100,1,0.7678,0.0
1000,0.15,model-type_svd-reconstruct_comps_100_dense_512_009.h5,linf,100,1,0.7678,0.0328
1000,1.0,model-type_svd-reconstruct_comps_100_dense_512_009.h5,l2,40,10,0.7678,0.3326
1000,2.0,model-type_svd-reconstruct_comps_100_dense_512_009.h5,l2,40,10,0.7678,0.0679
1000,0.3,model-type_svd-reconstruct_comps_100_dense_512_009.h5,linf,40,10,0.7678,0.0
1000,0.15,model-type_svd-reconstruct_comps_100_dense_512_009.h5,linf,40,10,0.7678,0.0297
1000,1.0,model-type_svd-reconstruct_comps_100_dense_512_009.h5,l2,100,10,0.7678,0.333
1000,2.0,model-type_svd-reconstruct_comps_100_dense_512_009.h5,l2,100,10,0.7678,0.0679
1000,0.3,model-type_svd-reconstruct_comps_100_dense_512_009.h5,linf,100,10,0.7678,0.0
1000,0.15,model-type_svd-reconstruct_comps_100_dense_512_009.h5,linf,100,10,0.7678,0.0303
1000,1.0,model-type_svd-reconstruct_comps_10_dense_128_007.h5,l2,40,1,0.3915,0.2062
1000,2.0,model-type_svd-reconstruct_comps_10_dense_128_007.h5,l2,40,1,0.3915,0.0827
1000,0.3,model-type_svd-reconstruct_comps_10_dense_128_007.h5,linf,40,1,0.3915,0.0023
1000,0.15,model-type_svd-reconstruct_comps_10_dense_128_007.h5,linf,40,1,0.3915,0.0686
1000,1.0,model-type_svd-reconstruct_comps_10_dense_128_007.h5,l2,100,1,0.3915,0.2063
1000,2.0,model-type_svd-reconstruct_comps_10_dense_128_007.h5,l2,100,1,0.3915,0.0835
1000,0.3,model-type_svd-reconstruct_comps_10_dense_128_007.h5,linf,100,1,0.3915,0.002
1000,0.15,model-type_svd-reconstruct_comps_10_dense_128_007.h5,linf,100,1,0.3915,0.0685
1000,1.0,model-type_svd-reconstruct_comps_10_dense_128_007.h5,l2,40,10,0.3915,0.2041
1000,2.0,model-type_svd-reconstruct_comps_10_dense_128_007.h5,l2,40,10,0.3915,0.08
1000,0.3,model-type_svd-reconstruct_comps_10_dense_128_007.h5,linf,40,10,0.3915,0.0013
1000,0.15,model-type_svd-reconstruct_comps_10_dense_128_007.h5,linf,40,10,0.3915,0.0672
1000,1.0,model-type_svd-reconstruct_comps_10_dense_128_007.h5,l2,100,10,0.3915,0.2039
1000,2.0,model-type_svd-reconstruct_comps_10_dense_128_007.h5,l2,100,10,0.3915,0.079
1000,0.3,model-type_svd-reconstruct_comps_10_dense_128_007.h5,linf,100,10,0.3915,0.0014
1000,0.15,model-type_svd-reconstruct_comps_10_dense_128_007.h5,linf,100,10,0.3915,0.0675
1000,1.0,model-type_svd-reconstruct_comps_10_dense_256_008.h5,l2,40,1,0.4704,0.2947
1000,2.0,model-type_svd-reconstruct_comps_10_dense_256_008.h5,l2,40,1,0.4704,0.1806
1000,0.3,model-type_svd-reconstruct_comps_10_dense_256_008.h5,linf,40,1,0.4704,0.0048
1000,0.15,model-type_svd-reconstruct_comps_10_dense_256_008.h5,linf,40,1,0.4704,0.1528
1000,1.0,model-type_svd-reconstruct_comps_10_dense_256_008.h5,l2,100,1,0.4704,0.2942
1000,2.0,model-type_svd-reconstruct_comps_10_dense_256_008.h5,l2,100,1,0.4704,0.181
1000,0.3,model-type_svd-reconstruct_comps_10_dense_256_008.h5,linf,100,1,0.4704,0.0049
1000,0.15,model-type_svd-reconstruct_comps_10_dense_256_008.h5,linf,100,1,0.4704,0.1527
1000,1.0,model-type_svd-reconstruct_comps_10_dense_256_008.h5,l2,40,10,0.4704,0.2917
1000,2.0,model-type_svd-reconstruct_comps_10_dense_256_008.h5,l2,40,10,0.4704,0.1767
1000,0.3,model-type_svd-reconstruct_comps_10_dense_256_008.h5,linf,40,10,0.4704,0.004
1000,0.15,model-type_svd-reconstruct_comps_10_dense_256_008.h5,linf,40,10,0.4704,0.1492
1000,1.0,model-type_svd-reconstruct_comps_10_dense_256_008.h5,l2,100,10,0.4704,0.2909
1000,2.0,model-type_svd-reconstruct_comps_10_dense_256_008.h5,l2,100,10,0.4704,0.1767
1000,0.3,model-type_svd-reconstruct_comps_10_dense_256_008.h5,linf,100,10,0.4704,0.0035
1000,0.15,model-type_svd-reconstruct_comps_10_dense_256_008.h5,linf,100,10,0.4704,0.1492
1000,1.0,model-type_svd-reconstruct_comps_10_dense_512_009.h5,l2,40,1,0.5983,0.403
1000,2.0,model-type_svd-reconstruct_comps_10_dense_512_009.h5,l2,40,1,0.5983,0.2387
1000,0.3,model-type_svd-reconstruct_comps_10_dense_512_009.h5,linf,40,1,0.5983,0.0123
1000,0.15,model-type_svd-reconstruct_comps_10_dense_512_009.h5,linf,40,1,0.5983,0.1876
1000,1.0,model-type_svd-reconstruct_comps_10_dense_512_009.h5,l2,100,1,0.5983,0.4026
1000,2.0,model-type_svd-reconstruct_comps_10_dense_512_009.h5,l2,100,1,0.5983,0.238
1000,0.3,model-type_svd-reconstruct_comps_10_dense_512_009.h5,linf,100,1,0.5983,0.0123
1000,0.15,model-type_svd-reconstruct_comps_10_dense_512_009.h5,linf,100,1,0.5983,0.1869
1000,1.0,model-type_svd-reconstruct_comps_10_dense_512_009.h5,l2,40,10,0.5983,0.3988
1000,2.0,model-type_svd-reconstruct_comps_10_dense_512_009.h5,l2,40,10,0.5983,0.2328
1000,0.3,model-type_svd-reconstruct_comps_10_dense_512_009.h5,linf,40,10,0.5983,0.0111
1000,0.15,model-type_svd-reconstruct_comps_10_dense_512_009.h5,linf,40,10,0.5983,0.1848
1000,1.0,model-type_svd-reconstruct_comps_10_dense_512_009.h5,l2,100,10,0.5983,0.3989
1000,2.0,model-type_svd-reconstruct_comps_10_dense_512_009.h5,l2,100,10,0.5983,0.2332
1000,0.3,model-type_svd-reconstruct_comps_10_dense_512_009.h5,linf,100,10,0.5983,0.0116
1000,0.15,model-type_svd-reconstruct_comps_10_dense_512_009.h5,linf,100,10,0.5983,0.1847
1000,1.0,model-type_svd-reconstruct_comps_20_dense_128_007.h5,l2,40,1,0.3059,0.132
1000,2.0,model-type_svd-reconstruct_comps_20_dense_128_007.h5,l2,40,1,0.3059,0.0388
1000,0.3,model-type_svd-reconstruct_comps_20_dense_128_007.h5,linf,40,1,0.3059,0.0
1000,0.15,model-type_svd-reconstruct_comps_20_dense_128_007.h5,linf,40,1,0.3059,0.0275
1000,1.0,model-type_svd-reconstruct_comps_20_dense_128_007.h5,l2,100,1,0.3059,0.1313
1000,2.0,model-type_svd-reconstruct_comps_20_dense_128_007.h5,l2,100,1,0.3059,0.0383
1000,0.3,model-type_svd-reconstruct_comps_20_dense_128_007.h5,linf,100,1,0.3059,0.0
1000,0.15,model-type_svd-reconstruct_comps_20_dense_128_007.h5,linf,100,1,0.3059,0.0268
1000,1.0,model-type_svd-reconstruct_comps_20_dense_128_007.h5,l2,40,10,0.3059,0.1298
1000,2.0,model-type_svd-reconstruct_comps_20_dense_128_007.h5,l2,40,10,0.3059,0.0372
1000,0.3,model-type_svd-reconstruct_comps_20_dense_128_007.h5,linf,40,10,0.3059,0.0
1000,0.15,model-type_svd-reconstruct_comps_20_dense_128_007.h5,linf,40,10,0.3059,0.026
1000,1.0,model-type_svd-reconstruct_comps_20_dense_128_007.h5,l2,100,10,0.3059,0.1294
1000,2.0,model-type_svd-reconstruct_comps_20_dense_128_007.h5,l2,100,10,0.3059,0.0369
1000,0.3,model-type_svd-reconstruct_comps_20_dense_128_007.h5,linf,100,10,0.3059,0.0
1000,0.15,model-type_svd-reconstruct_comps_20_dense_128_007.h5,linf,100,10,0.3059,0.0257
1000,1.0,model-type_svd-reconstruct_comps_20_dense_256_008.h5,l2,40,1,0.4974,0.2706
1000,2.0,model-type_svd-reconstruct_comps_20_dense_256_008.h5,l2,40,1,0.4974,0.1
1000,0.3,model-type_svd-reconstruct_comps_20_dense_256_008.h5,linf,40,1,0.4974,0.0003
1000,0.15,model-type_svd-reconstruct_comps_20_dense_256_008.h5,linf,40,1,0.4974,0.0662
1000,1.0,model-type_svd-reconstruct_comps_20_dense_256_008.h5,l2,100,1,0.4974,0.2702
1000,2.0,model-type_svd-reconstruct_comps_20_dense_256_008.h5,l2,100,1,0.4974,0.0995
1000,0.3,model-type_svd-reconstruct_comps_20_dense_256_008.h5,linf,100,1,0.4974,0.0003
1000,0.15,model-type_svd-reconstruct_comps_20_dense_256_008.h5,linf,100,1,0.4974,0.0661
1000,1.0,model-type_svd-reconstruct_comps_20_dense_256_008.h5,l2,40,10,0.4974,0.2666
1000,2.0,model-type_svd-reconstruct_comps_20_dense_256_008.h5,l2,40,10,0.4974,0.0946
1000,0.3,model-type_svd-reconstruct_comps_20_dense_256_008.h5,linf,40,10,0.4974,0.0002
1000,0.15,model-type_svd-reconstruct_comps_20_dense_256_008.h5,linf,40,10,0.4974,0.063
1000,1.0,model-type_svd-reconstruct_comps_20_dense_256_008.h5,l2,100,10,0.4974,0.266
1000,2.0,model-type_svd-reconstruct_comps_20_dense_256_008.h5,l2,100,10,0.4974,0.0944
1000,0.3,model-type_svd-reconstruct_comps_20_dense_256_008.h5,linf,100,10,0.4974,0.0001
1000,0.15,model-type_svd-reconstruct_comps_20_dense_256_008.h5,linf,100,10,0.4974,0.0632
1000,1.0,model-type_svd-reconstruct_comps_20_dense_512_009.h5,l2,40,1,0.6814,0.4335
1000,2.0,model-type_svd-reconstruct_comps_20_dense_512_009.h5,l2,40,1,0.6814,0.189
1000,0.3,model-type_svd-reconstruct_comps_20_dense_512_009.h5,linf,40,1,0.6814,0.002
1000,0.15,model-type_svd-reconstruct_comps_20_dense_512_009.h5,linf,40,1,0.6814,0.1322
1000,1.0,model-type_svd-reconstruct_comps_20_dense_512_009.h5,l2,100,1,0.6814,0.4326
1000,2.0,model-type_svd-reconstruct_comps_20_dense_512_009.h5,l2,100,1,0.6814,0.1871
1000,0.3,model-type_svd-reconstruct_comps_20_dense_512_009.h5,linf,100,1,0.6814,0.0019
1000,0.15,model-type_svd-reconstruct_comps_20_dense_512_009.h5,linf,100,1,0.6814,0.1321
1000,1.0,model-type_svd-reconstruct_comps_20_dense_512_009.h5,l2,40,10,0.6814,0.4286
1000,2.0,model-type_svd-reconstruct_comps_20_dense_512_009.h5,l2,40,10,0.6814,0.1786
1000,0.3,model-type_svd-reconstruct_comps_20_dense_512_009.h5,linf,40,10,0.6814,0.0016
1000,0.15,model-type_svd-reconstruct_comps_20_dense_512_009.h5,linf,40,10,0.6814,0.1265
1000,1.0,model-type_svd-reconstruct_comps_20_dense_512_009.h5,l2,100,10,0.6814,0.4279
1000,2.0,model-type_svd-reconstruct_comps_20_dense_512_009.h5,l2,100,10,0.6814,0.1785
1000,0.3,model-type_svd-reconstruct_comps_20_dense_512_009.h5,linf,100,10,0.6814,0.0016
1000,0.15,model-type_svd-reconstruct_comps_20_dense_512_009.h5,linf,100,10,0.6814,0.1267
1000,1.0,model-type_svd-reconstruct_comps_30_dense_128_008.h5,l2,40,1,0.4742,0.2537
1000,2.0,model-type_svd-reconstruct_comps_30_dense_128_008.h5,l2,40,1,0.4742,0.0789
1000,0.3,model-type_svd-reconstruct_comps_30_dense_128_008.h5,linf,40,1,0.4742,0.0
1000,0.15,model-type_svd-reconstruct_comps_30_dense_128_008.h5,linf,40,1,0.4742,0.0509
1000,1.0,model-type_svd-reconstruct_comps_30_dense_128_008.h5,l2,100,1,0.4742,0.2528
1000,2.0,model-type_svd-reconstruct_comps_30_dense_128_008.h5,l2,100,1,0.4742,0.0792
1000,0.3,model-type_svd-reconstruct_comps_30_dense_128_008.h5,linf,100,1,0.4742,0.0
1000,0.15,model-type_svd-reconstruct_comps_30_dense_128_008.h5,linf,100,1,0.4742,0.0507
1000,1.0,model-type_svd-reconstruct_comps_30_dense_128_008.h5,l2,40,10,0.4742,0.2491
1000,2.0,model-type_svd-reconstruct_comps_30_dense_128_008.h5,l2,40,10,0.4742,0.076
1000,0.3,model-type_svd-reconstruct_comps_30_dense_128_008.h5,linf,40,10,0.4742,0.0
1000,0.15,model-type_svd-reconstruct_comps_30_dense_128_008.h5,linf,40,10,0.4742,0.0491
1000,1.0,model-type_svd-reconstruct_comps_30_dense_128_008.h5,l2,100,10,0.4742,0.2494
1000,2.0,model-type_svd-reconstruct_comps_30_dense_128_008.h5,l2,100,10,0.4742,0.0749
1000,0.3,model-type_svd-reconstruct_comps_30_dense_128_008.h5,linf,100,10,0.4742,0.0
1000,0.15,model-type_svd-reconstruct_comps_30_dense_128_008.h5,linf,100,10,0.4742,0.0485
1000,1.0,model-type_svd-reconstruct_comps_30_dense_256_008.h5,l2,40,1,0.4749,0.1606
1000,2.0,model-type_svd-reconstruct_comps_30_dense_256_008.h5,l2,40,1,0.4749,0.0243
1000,0.3,model-type_svd-reconstruct_comps_30_dense_256_008.h5,linf,40,1,0.4749,0.0
1000,0.15,model-type_svd-reconstruct_comps_30_dense_256_008.h5,linf,40,1,0.4749,0.0089
1000,1.0,model-type_svd-reconstruct_comps_30_dense_256_008.h5,l2,100,1,0.4749,0.1609
1000,2.0,model-type_svd-reconstruct_comps_30_dense_256_008.h5,l2,100,1,0.4749,0.0233
1000,0.3,model-type_svd-reconstruct_comps_30_dense_256_008.h5,linf,100,1,0.4749,0.0
1000,0.15,model-type_svd-reconstruct_comps_30_dense_256_008.h5,linf,100,1,0.4749,0.0093
1000,1.0,model-type_svd-reconstruct_comps_30_dense_256_008.h5,l2,40,10,0.4749,0.1571
1000,2.0,model-type_svd-reconstruct_comps_30_dense_256_008.h5,l2,40,10,0.4749,0.0217
1000,0.3,model-type_svd-reconstruct_comps_30_dense_256_008.h5,linf,40,10,0.4749,0.0
1000,0.15,model-type_svd-reconstruct_comps_30_dense_256_008.h5,linf,40,10,0.4749,0.0079
1000,1.0,model-type_svd-reconstruct_comps_30_dense_256_008.h5,l2,100,10,0.4749,0.1572
1000,2.0,model-type_svd-reconstruct_comps_30_dense_256_008.h5,l2,100,10,0.4749,0.0215
1000,0.3,model-type_svd-reconstruct_comps_30_dense_256_008.h5,linf,100,10,0.4749,0.0
1000,0.15,model-type_svd-reconstruct_comps_30_dense_256_008.h5,linf,100,10,0.4749,0.0077
1000,1.0,model-type_svd-reconstruct_comps_30_dense_512_009.h5,l2,40,1,0.7569,0.4996
1000,2.0,model-type_svd-reconstruct_comps_30_dense_512_009.h5,l2,40,1,0.7569,0.21
1000,0.3,model-type_svd-reconstruct_comps_30_dense_512_009.h5,linf,40,1,0.7569,0.0003
1000,0.15,model-type_svd-reconstruct_comps_30_dense_512_009.h5,linf,40,1,0.7569,0.1247
1000,1.0,model-type_svd-reconstruct_comps_30_dense_512_009.h5,l2,100,1,0.7569,0.4994
1000,2.0,model-type_svd-reconstruct_comps_30_dense_512_009.h5,l2,100,1,0.7569,0.2096
1000,0.3,model-type_svd-reconstruct_comps_30_dense_512_009.h5,linf,100,1,0.7569,0.0002
1000,0.15,model-type_svd-reconstruct_comps_30_dense_512_009.h5,linf,100,1,0.7569,0.1237
1000,1.0,model-type_svd-reconstruct_comps_30_dense_512_009.h5,l2,40,10,0.7569,0.4953
1000,2.0,model-type_svd-reconstruct_comps_30_dense_512_009.h5,l2,40,10,0.7569,0.201
1000,0.3,model-type_svd-reconstruct_comps_30_dense_512_009.h5,linf,40,10,0.7569,0.0
1000,0.15,model-type_svd-reconstruct_comps_30_dense_512_009.h5,linf,40,10,0.7569,0.1189
1000,1.0,model-type_svd-reconstruct_comps_30_dense_512_009.h5,l2,100,10,0.7569,0.4951
1000,2.0,model-type_svd-reconstruct_comps_30_dense_512_009.h5,l2,100,10,0.7569,0.2006
1000,0.3,model-type_svd-reconstruct_comps_30_dense_512_009.h5,linf,100,10,0.7569,0.0
1000,0.15,model-type_svd-reconstruct_comps_30_dense_512_009.h5,linf,100,10,0.7569,0.1182
1000,1.0,model-type_svd-reconstruct_comps_40_dense_128_009.h5,l2,40,1,0.4877,0.1653
1000,2.0,model-type_svd-reconstruct_comps_40_dense_128_009.h5,l2,40,1,0.4877,0.046
1000,0.3,model-type_svd-reconstruct_comps_40_dense_128_009.h5,linf,40,1,0.4877,0.0
1000,0.15,model-type_svd-reconstruct_comps_40_dense_128_009.h5,linf,40,1,0.4877,0.0254
1000,1.0,model-type_svd-reconstruct_comps_40_dense_128_009.h5,l2,100,1,0.4877,0.1649
1000,2.0,model-type_svd-reconstruct_comps_40_dense_128_009.h5,l2,100,1,0.4877,0.0457
1000,0.3,model-type_svd-reconstruct_comps_40_dense_128_009.h5,linf,100,1,0.4877,0.0
1000,0.15,model-type_svd-reconstruct_comps_40_dense_128_009.h5,linf,100,1,0.4877,0.0248
1000,1.0,model-type_svd-reconstruct_comps_40_dense_128_009.h5,l2,40,10,0.4877,0.1612
1000,2.0,model-type_svd-reconstruct_comps_40_dense_128_009.h5,l2,40,10,0.4877,0.0433
1000,0.3,model-type_svd-reconstruct_comps_40_dense_128_009.h5,linf,40,10,0.4877,0.0
1000,0.15,model-type_svd-reconstruct_comps_40_dense_128_009.h5,linf,40,10,0.4877,0.0231
1000,1.0,model-type_svd-reconstruct_comps_40_dense_128_009.h5,l2,100,10,0.4877,0.161
1000,2.0,model-type_svd-reconstruct_comps_40_dense_128_009.h5,l2,100,10,0.4877,0.0439
1000,0.3,model-type_svd-reconstruct_comps_40_dense_128_009.h5,linf,100,10,0.4877,0.0
1000,0.15,model-type_svd-reconstruct_comps_40_dense_128_009.h5,linf,100,10,0.4877,0.023
1000,1.0,model-type_svd-reconstruct_comps_40_dense_256_009.h5,l2,40,1,0.6115,0.3203
1000,2.0,model-type_svd-reconstruct_comps_40_dense_256_009.h5,l2,40,1,0.6115,0.1014
1000,0.3,model-type_svd-reconstruct_comps_40_dense_256_009.h5,linf,40,1,0.6115,0.0006
1000,0.15,model-type_svd-reconstruct_comps_40_dense_256_009.h5,linf,40,1,0.6115,0.0644
1000,1.0,model-type_svd-reconstruct_comps_40_dense_256_009.h5,l2,100,1,0.6115,0.3202
1000,2.0,model-type_svd-reconstruct_comps_40_dense_256_009.h5,l2,100,1,0.6115,0.1016
1000,0.3,model-type_svd-reconstruct_comps_40_dense_256_009.h5,linf,100,1,0.6115,0.0006
1000,0.15,model-type_svd-reconstruct_comps_40_dense_256_009.h5,linf,100,1,0.6115,0.0639
1000,1.0,model-type_svd-reconstruct_comps_40_dense_256_009.h5,l2,40,10,0.6115,0.3166
1000,2.0,model-type_svd-reconstruct_comps_40_dense_256_009.h5,l2,40,10,0.6115,0.0953
1000,0.3,model-type_svd-reconstruct_comps_40_dense_256_009.h5,linf,40,10,0.6115,0.0002
1000,0.15,model-type_svd-reconstruct_comps_40_dense_256_009.h5,linf,40,10,0.6115,0.061
1000,1.0,model-type_svd-reconstruct_comps_40_dense_256_009.h5,l2,100,10,0.6115,0.3159
1000,2.0,model-type_svd-reconstruct_comps_40_dense_256_009.h5,l2,100,10,0.6115,0.0951
1000,0.3,model-type_svd-reconstruct_comps_40_dense_256_009.h5,linf,100,10,0.6115,0.0003
1000,0.15,model-type_svd-reconstruct_comps_40_dense_256_009.h5,linf,100,10,0.6115,0.0605
1000,1.0,model-type_svd-reconstruct_comps_40_dense_512_009.h5,l2,40,1,0.7503,0.475
1000,2.0,model-type_svd-reconstruct_comps_40_dense_512_009.h5,l2,40,1,0.7503,0.1615
1000,0.3,model-type_svd-reconstruct_comps_40_dense_512_009.h5,linf,40,1,0.7503,0.0001
1000,0.15,model-type_svd-reconstruct_comps_40_dense_512_009.h5,linf,40,1,0.7503,0.0837
1000,1.0,model-type_svd-reconstruct_comps_40_dense_512_009.h5,l2,100,1,0.7503,0.4743
1000,2.0,model-type_svd-reconstruct_comps_40_dense_512_009.h5,l2,100,1,0.7503,0.1597
1000,0.3,model-type_svd-reconstruct_comps_40_dense_512_009.h5,linf,100,1,0.7503,0.0001
1000,0.15,model-type_svd-reconstruct_comps_40_dense_512_009.h5,linf,100,1,0.7503,0.0832
1000,1.0,model-type_svd-reconstruct_comps_40_dense_512_009.h5,l2,40,10,0.7503,0.4691
1000,2.0,model-type_svd-reconstruct_comps_40_dense_512_009.h5,l2,40,10,0.7503,0.1525
1000,0.3,model-type_svd-reconstruct_comps_40_dense_512_009.h5,linf,40,10,0.7503,0.0001
1000,0.15,model-type_svd-reconstruct_comps_40_dense_512_009.h5,linf,40,10,0.7503,0.079
1000,1.0,model-type_svd-reconstruct_comps_40_dense_512_009.h5,l2,100,10,0.7503,0.4683
1000,2.0,model-type_svd-reconstruct_comps_40_dense_512_009.h5,l2,100,10,0.7503,0.1524
1000,0.3,model-type_svd-reconstruct_comps_40_dense_512_009.h5,linf,100,10,0.7503,0.0001
1000,0.15,model-type_svd-reconstruct_comps_40_dense_512_009.h5,linf,100,10,0.7503,0.0787
1000,1.0,model-type_svd-reconstruct_comps_50_dense_128_009.h5,l2,40,1,0.5462,0.1956
1000,2.0,model-type_svd-reconstruct_comps_50_dense_128_009.h5,l2,40,1,0.5462,0.0298
1000,0.3,model-type_svd-reconstruct_comps_50_dense_128_009.h5,linf,40,1,0.5462,0.0
1000,0.15,model-type_svd-reconstruct_comps_50_dense_128_009.h5,linf,40,1,0.5462,0.0135
1000,1.0,model-type_svd-reconstruct_comps_50_dense_128_009.h5,l2,100,1,0.5462,0.1948
1000,2.0,model-type_svd-reconstruct_comps_50_dense_128_009.h5,l2,100,1,0.5462,0.0297
1000,0.3,model-type_svd-reconstruct_comps_50_dense_128_009.h5,linf,100,1,0.5462,0.0
1000,0.15,model-type_svd-reconstruct_comps_50_dense_128_009.h5,linf,100,1,0.5462,0.0137
1000,1.0,model-type_svd-reconstruct_comps_50_dense_128_009.h5,l2,40,10,0.5462,0.1918
1000,2.0,model-type_svd-reconstruct_comps_50_dense_128_009.h5,l2,40,10,0.5462,0.0262
1000,0.3,model-type_svd-reconstruct_comps_50_dense_128_009.h5,linf,40,10,0.5462,0.0
1000,0.15,model-type_svd-reconstruct_comps_50_dense_128_009.h5,linf,40,10,0.5462,0.012
1000,1.0,model-type_svd-reconstruct_comps_50_dense_128_009.h5,l2,100,10,0.5462,0.1906
1000,2.0,model-type_svd-reconstruct_comps_50_dense_128_009.h5,l2,100,10,0.5462,0.0263
1000,0.3,model-type_svd-reconstruct_comps_50_dense_128_009.h5,linf,100,10,0.5462,0.0
1000,0.15,model-type_svd-reconstruct_comps_50_dense_128_009.h5,linf,100,10,0.5462,0.0117
1000,1.0,model-type_svd-reconstruct_comps_50_dense_256_009.h5,l2,40,1,0.6908,0.2659
1000,2.0,model-type_svd-reconstruct_comps_50_dense_256_009.h5,l2,40,1,0.6908,0.0447
1000,0.3,model-type_svd-reconstruct_comps_50_dense_256_009.h5,linf,40,1,0.6908,0.0
1000,0.15,model-type_svd-reconstruct_comps_50_dense_256_009.h5,linf,40,1,0.6908,0.0221
1000,1.0,model-type_svd-reconstruct_comps_50_dense_256_009.h5,l2,100,1,0.6908,0.2651
1000,2.0,model-type_svd-reconstruct_comps_50_dense_256_009.h5,l2,100,1,0.6908,0.044
1000,0.3,model-type_svd-reconstruct_comps_50_dense_256_009.h5,linf,100,1,0.6908,0.0
1000,0.15,model-type_svd-reconstruct_comps_50_dense_256_009.h5,linf,100,1,0.6908,0.022
1000,1.0,model-type_svd-reconstruct_comps_50_dense_256_009.h5,l2,40,10,0.6908,0.2613
1000,2.0,model-type_svd-reconstruct_comps_50_dense_256_009.h5,l2,40,10,0.6908,0.0411
1000,0.3,model-type_svd-reconstruct_comps_50_dense_256_009.h5,linf,40,10,0.6908,0.0
1000,0.15,model-type_svd-reconstruct_comps_50_dense_256_009.h5,linf,40,10,0.6908,0.0201
1000,1.0,model-type_svd-reconstruct_comps_50_dense_256_009.h5,l2,100,10,0.6908,0.2603
1000,2.0,model-type_svd-reconstruct_comps_50_dense_256_009.h5,l2,100,10,0.6908,0.0407
1000,0.3,model-type_svd-reconstruct_comps_50_dense_256_009.h5,linf,100,10,0.6908,0.0
1000,0.15,model-type_svd-reconstruct_comps_50_dense_256_009.h5,linf,100,10,0.6908,0.0202
1000,1.0,model-type_svd-reconstruct_comps_50_dense_512_009.h5,l2,40,1,0.6844,0.397
1000,2.0,model-type_svd-reconstruct_comps_50_dense_512_009.h5,l2,40,1,0.6844,0.1532
1000,0.3,model-type_svd-reconstruct_comps_50_dense_512_009.h5,linf,40,1,0.6844,0.0001
1000,0.15,model-type_svd-reconstruct_comps_50_dense_512_009.h5,linf,40,1,0.6844,0.0846
1000,1.0,model-type_svd-reconstruct_comps_50_dense_512_009.h5,l2,100,1,0.6844,0.3962
1000,2.0,model-type_svd-reconstruct_comps_50_dense_512_009.h5,l2,100,1,0.6844,0.1518
1000,0.3,model-type_svd-reconstruct_comps_50_dense_512_009.h5,linf,100,1,0.6844,0.0
1000,0.15,model-type_svd-reconstruct_comps_50_dense_512_009.h5,linf,100,1,0.6844,0.0836
1000,1.0,model-type_svd-reconstruct_comps_50_dense_512_009.h5,l2,40,10,0.6844,0.3917
1000,2.0,model-type_svd-reconstruct_comps_50_dense_512_009.h5,l2,40,10,0.6844,0.1459
1000,0.3,model-type_svd-reconstruct_comps_50_dense_512_009.h5,linf,40,10,0.6844,0.0
1000,0.15,model-type_svd-reconstruct_comps_50_dense_512_009.h5,linf,40,10,0.6844,0.0795
1000,1.0,model-type_svd-reconstruct_comps_50_dense_512_009.h5,l2,100,10,0.6844,0.3914
1000,2.0,model-type_svd-reconstruct_comps_50_dense_512_009.h5,l2,100,10,0.6844,0.1451
1000,0.3,model-type_svd-reconstruct_comps_50_dense_512_009.h5,linf,100,10,0.6844,0.0
1000,0.15,model-type_svd-reconstruct_comps_50_dense_512_009.h5,linf,100,10,0.6844,0.0793
1000,1.0,model-type_svd-reconstruct_comps_60_dense_128_009.h5,l2,40,1,0.3912,0.052
1000,2.0,model-type_svd-reconstruct_comps_60_dense_128_009.h5,l2,40,1,0.3912,0.0033
1000,0.3,model-type_svd-reconstruct_comps_60_dense_128_009.h5,linf,40,1,0.3912,0.0
1000,0.15,model-type_svd-reconstruct_comps_60_dense_128_009.h5,linf,40,1,0.3912,0.0012
1000,1.0,model-type_svd-reconstruct_comps_60_dense_128_009.h5,l2,100,1,0.3912,0.0515
1000,2.0,model-type_svd-reconstruct_comps_60_dense_128_009.h5,l2,100,1,0.3912,0.0033
1000,0.3,model-type_svd-reconstruct_comps_60_dense_128_009.h5,linf,100,1,0.3912,0.0
1000,0.15,model-type_svd-reconstruct_comps_60_dense_128_009.h5,linf,100,1,0.3912,0.0013
1000,1.0,model-type_svd-reconstruct_comps_60_dense_128_009.h5,l2,40,10,0.3912,0.0485
1000,2.0,model-type_svd-reconstruct_comps_60_dense_128_009.h5,l2,40,10,0.3912,0.0029
1000,0.3,model-type_svd-reconstruct_comps_60_dense_128_009.h5,linf,40,10,0.3912,0.0
1000,0.15,model-type_svd-reconstruct_comps_60_dense_128_009.h5,linf,40,10,0.3912,0.001
1000,1.0,model-type_svd-reconstruct_comps_60_dense_128_009.h5,l2,100,10,0.3912,0.0485
1000,2.0,model-type_svd-reconstruct_comps_60_dense_128_009.h5,l2,100,10,0.3912,0.003
1000,0.3,model-type_svd-reconstruct_comps_60_dense_128_009.h5,linf,100,10,0.3912,0.0
1000,0.15,model-type_svd-reconstruct_comps_60_dense_128_009.h5,linf,100,10,0.3912,0.001
1000,1.0,model-type_svd-reconstruct_comps_60_dense_256_009.h5,l2,40,1,0.5594,0.1956
1000,2.0,model-type_svd-reconstruct_comps_60_dense_256_009.h5,l2,40,1,0.5594,0.031
1000,0.3,model-type_svd-reconstruct_comps_60_dense_256_009.h5,linf,40,1,0.5594,0.0
1000,0.15,model-type_svd-reconstruct_comps_60_dense_256_009.h5,linf,40,1,0.5594,0.0159
1000,1.0,model-type_svd-reconstruct_comps_60_dense_256_009.h5,l2,100,1,0.5594,0.1953
1000,2.0,model-type_svd-reconstruct_comps_60_dense_256_009.h5,l2,100,1,0.5594,0.0304
1000,0.3,model-type_svd-reconstruct_comps_60_dense_256_009.h5,linf,100,1,0.5594,0.0
1000,0.15,model-type_svd-reconstruct_comps_60_dense_256_009.h5,linf,100,1,0.5594,0.0154
1000,1.0,model-type_svd-reconstruct_comps_60_dense_256_009.h5,l2,40,10,0.5594,0.1908
1000,2.0,model-type_svd-reconstruct_comps_60_dense_256_009.h5,l2,40,10,0.5594,0.0284
1000,0.3,model-type_svd-reconstruct_comps_60_dense_256_009.h5,linf,40,10,0.5594,0.0
1000,0.15,model-type_svd-reconstruct_comps_60_dense_256_009.h5,linf,40,10,0.5594,0.0141
1000,1.0,model-type_svd-reconstruct_comps_60_dense_256_009.h5,l2,100,10,0.5594,0.1908
1000,2.0,model-type_svd-reconstruct_comps_60_dense_256_009.h5,l2,100,10,0.5594,0.0286
1000,0.3,model-type_svd-reconstruct_comps_60_dense_256_009.h5,linf,100,10,0.5594,0.0
1000,0.15,model-type_svd-reconstruct_comps_60_dense_256_009.h5,linf,100,10,0.5594,0.0143
1000,1.0,model-type_svd-reconstruct_comps_60_dense_512_008.h5,l2,40,1,0.7415,0.3915
1000,2.0,model-type_svd-reconstruct_comps_60_dense_512_008.h5,l2,40,1,0.7415,0.076
1000,0.3,model-type_svd-reconstruct_comps_60_dense_512_008.h5,linf,40,1,0.7415,0.0
1000,0.15,model-type_svd-reconstruct_comps_60_dense_512_008.h5,linf,40,1,0.7415,0.0364
1000,1.0,model-type_svd-reconstruct_comps_60_dense_512_008.h5,l2,100,1,0.7415,0.3914
1000,2.0,model-type_svd-reconstruct_comps_60_dense_512_008.h5,l2,100,1,0.7415,0.0753
1000,0.3,model-type_svd-reconstruct_comps_60_dense_512_008.h5,linf,100,1,0.7415,0.0
1000,0.15,model-type_svd-reconstruct_comps_60_dense_512_008.h5,linf,100,1,0.7415,0.0368
1000,1.0,model-type_svd-reconstruct_comps_60_dense_512_008.h5,l2,40,10,0.7415,0.3848
1000,2.0,model-type_svd-reconstruct_comps_60_dense_512_008.h5,l2,40,10,0.7415,0.0705
1000,0.3,model-type_svd-reconstruct_comps_60_dense_512_008.h5,linf,40,10,0.7415,0.0
1000,0.15,model-type_svd-reconstruct_comps_60_dense_512_008.h5,linf,40,10,0.7415,0.0334
1000,1.0,model-type_svd-reconstruct_comps_60_dense_512_008.h5,l2,100,10,0.7415,0.3844
1000,2.0,model-type_svd-reconstruct_comps_60_dense_512_008.h5,l2,100,10,0.7415,0.0696
1000,0.3,model-type_svd-reconstruct_comps_60_dense_512_008.h5,linf,100,10,0.7415,0.0
1000,0.15,model-type_svd-reconstruct_comps_60_dense_512_008.h5,linf,100,10,0.7415,0.0335
1000,1.0,model-type_svd-reconstruct_comps_70_dense_128_009.h5,l2,40,1,0.4228,0.119
1000,2.0,model-type_svd-reconstruct_comps_70_dense_128_009.h5,l2,40,1,0.4228,0.0093
1000,0.3,model-type_svd-reconstruct_comps_70_dense_128_009.h5,linf,40,1,0.4228,0.0
1000,0.15,model-type_svd-reconstruct_comps_70_dense_128_009.h5,linf,40,1,0.4228,0.0016
1000,1.0,model-type_svd-reconstruct_comps_70_dense_128_009.h5,l2,100,1,0.4228,0.1195
1000,2.0,model-type_svd-reconstruct_comps_70_dense_128_009.h5,l2,100,1,0.4228,0.0094
1000,0.3,model-type_svd-reconstruct_comps_70_dense_128_009.h5,linf,100,1,0.4228,0.0
1000,0.15,model-type_svd-reconstruct_comps_70_dense_128_009.h5,linf,100,1,0.4228,0.0017
1000,1.0,model-type_svd-reconstruct_comps_70_dense_128_009.h5,l2,40,10,0.4228,0.1161
1000,2.0,model-type_svd-reconstruct_comps_70_dense_128_009.h5,l2,40,10,0.4228,0.008
1000,0.3,model-type_svd-reconstruct_comps_70_dense_128_009.h5,linf,40,10,0.4228,0.0
1000,0.15,model-type_svd-reconstruct_comps_70_dense_128_009.h5,linf,40,10,0.4228,0.0014
1000,1.0,model-type_svd-reconstruct_comps_70_dense_128_009.h5,l2,100,10,0.4228,0.1156
1000,2.0,model-type_svd-reconstruct_comps_70_dense_128_009.h5,l2,100,10,0.4228,0.0079
1000,0.3,model-type_svd-reconstruct_comps_70_dense_128_009.h5,linf,100,10,0.4228,0.0
1000,0.15,model-type_svd-reconstruct_comps_70_dense_128_009.h5,linf,100,10,0.4228,0.0014
1000,1.0,model-type_svd-reconstruct_comps_70_dense_256_008.h5,l2,40,1,0.6488,0.2226
1000,2.0,model-type_svd-reconstruct_comps_70_dense_256_008.h5,l2,40,1,0.6488,0.0155
1000,0.3,model-type_svd-reconstruct_comps_70_dense_256_008.h5,linf,40,1,0.6488,0.0
1000,0.15,model-type_svd-reconstruct_comps_70_dense_256_008.h5,linf,40,1,0.6488,0.006
1000,1.0,model-type_svd-reconstruct_comps_70_dense_256_008.h5,l2,100,1,0.6488,0.2226
1000,2.0,model-type_svd-reconstruct_comps_70_dense_256_008.h5,l2,100,1,0.6488,0.0154
1000,0.3,model-type_svd-reconstruct_comps_70_dense_256_008.h5,linf,100,1,0.6488,0.0
1000,0.15,model-type_svd-reconstruct_comps_70_dense_256_008.h5,linf,100,1,0.6488,0.0058
1000,1.0,model-type_svd-reconstruct_comps_70_dense_256_008.h5,l2,40,10,0.6488,0.2174
1000,2.0,model-type_svd-reconstruct_comps_70_dense_256_008.h5,l2,40,10,0.6488,0.0138
1000,0.3,model-type_svd-reconstruct_comps_70_dense_256_008.h5,linf,40,10,0.6488,0.0
1000,0.15,model-type_svd-reconstruct_comps_70_dense_256_008.h5,linf,40,10,0.6488,0.0049
1000,1.0,model-type_svd-reconstruct_comps_70_dense_256_008.h5,l2,100,10,0.6488,0.2167
1000,2.0,model-type_svd-reconstruct_comps_70_dense_256_008.h5,l2,100,10,0.6488,0.0136
1000,0.3,model-type_svd-reconstruct_comps_70_dense_256_008.h5,linf,100,10,0.6488,0.0
1000,0.15,model-type_svd-reconstruct_comps_70_dense_256_008.h5,linf,100,10,0.6488,0.0051
1000,1.0,model-type_svd-reconstruct_comps_70_dense_512_007.h5,l2,40,1,0.7461,0.3658
1000,2.0,model-type_svd-reconstruct_comps_70_dense_512_007.h5,l2,40,1,0.7461,0.0878
1000,0.3,model-type_svd-reconstruct_comps_70_dense_512_007.h5,linf,40,1,0.7461,0.0
1000,0.15,model-type_svd-reconstruct_comps_70_dense_512_007.h5,linf,40,1,0.7461,0.0476
1000,1.0,model-type_svd-reconstruct_comps_70_dense_512_007.h5,l2,100,1,0.7461,0.365
1000,2.0,model-type_svd-reconstruct_comps_70_dense_512_007.h5,l2,100,1,0.7461,0.0874
1000,0.3,model-type_svd-reconstruct_comps_70_dense_512_007.h5,linf,100,1,0.7461,0.0
1000,0.15,model-type_svd-reconstruct_comps_70_dense_512_007.h5,linf,100,1,0.7461,0.0481
1000,1.0,model-type_svd-reconstruct_comps_70_dense_512_007.h5,l2,40,10,0.7461,0.3597
1000,2.0,model-type_svd-reconstruct_comps_70_dense_512_007.h5,l2,40,10,0.7461,0.0821
1000,0.3,model-type_svd-reconstruct_comps_70_dense_512_007.h5,linf,40,10,0.7461,0.0
1000,0.15,model-type_svd-reconstruct_comps_70_dense_512_007.h5,linf,40,10,0.7461,0.0447
1000,1.0,model-type_svd-reconstruct_comps_70_dense_512_007.h5,l2,100,10,0.7461,0.359
1000,2.0,model-type_svd-reconstruct_comps_70_dense_512_007.h5,l2,100,10,0.7461,0.0817
1000,0.3,model-type_svd-reconstruct_comps_70_dense_512_007.h5,linf,100,10,0.7461,0.0
1000,0.15,model-type_svd-reconstruct_comps_70_dense_512_007.h5,linf,100,10,0.7461,0.0444
1000,1.0,model-type_svd-reconstruct_comps_80_dense_128_009.h5,l2,40,1,0.443,0.06
1000,2.0,model-type_svd-reconstruct_comps_80_dense_128_009.h5,l2,40,1,0.443,0.002
1000,0.3,model-type_svd-reconstruct_comps_80_dense_128_009.h5,linf,40,1,0.443,0.0
1000,0.15,model-type_svd-reconstruct_comps_80_dense_128_009.h5,linf,40,1,0.443,0.0009
1000,1.0,model-type_svd-reconstruct_comps_80_dense_128_009.h5,l2,100,1,0.443,0.0594
1000,2.0,model-type_svd-reconstruct_comps_80_dense_128_009.h5,l2,100,1,0.443,0.002
1000,0.3,model-type_svd-reconstruct_comps_80_dense_128_009.h5,linf,100,1,0.443,0.0
1000,0.15,model-type_svd-reconstruct_comps_80_dense_128_009.h5,linf,100,1,0.443,0.0009
1000,1.0,model-type_svd-reconstruct_comps_80_dense_128_009.h5,l2,40,10,0.443,0.0574
1000,2.0,model-type_svd-reconstruct_comps_80_dense_128_009.h5,l2,40,10,0.443,0.0016
1000,0.3,model-type_svd-reconstruct_comps_80_dense_128_009.h5,linf,40,10,0.443,0.0
1000,0.15,model-type_svd-reconstruct_comps_80_dense_128_009.h5,linf,40,10,0.443,0.0007
1000,1.0,model-type_svd-reconstruct_comps_80_dense_128_009.h5,l2,100,10,0.443,0.0572
1000,2.0,model-type_svd-reconstruct_comps_80_dense_128_009.h5,l2,100,10,0.443,0.0016
1000,0.3,model-type_svd-reconstruct_comps_80_dense_128_009.h5,linf,100,10,0.443,0.0
1000,0.15,model-type_svd-reconstruct_comps_80_dense_128_009.h5,linf,100,10,0.443,0.0008
1000,1.0,model-type_svd-reconstruct_comps_80_dense_256_009.h5,l2,40,1,0.6906,0.2664
1000,2.0,model-type_svd-reconstruct_comps_80_dense_256_009.h5,l2,40,1,0.6906,0.0407
1000,0.3,model-type_svd-reconstruct_comps_80_dense_256_009.h5,linf,40,1,0.6906,0.0
1000,0.15,model-type_svd-reconstruct_comps_80_dense_256_009.h5,linf,40,1,0.6906,0.0127
1000,1.0,model-type_svd-reconstruct_comps_80_dense_256_009.h5,l2,100,1,0.6906,0.2653
1000,2.0,model-type_svd-reconstruct_comps_80_dense_256_009.h5,l2,100,1,0.6906,0.0401
1000,0.3,model-type_svd-reconstruct_comps_80_dense_256_009.h5,linf,100,1,0.6906,0.0
1000,0.15,model-type_svd-reconstruct_comps_80_dense_256_009.h5,linf,100,1,0.6906,0.0126
1000,1.0,model-type_svd-reconstruct_comps_80_dense_256_009.h5,l2,40,10,0.6906,0.2593
1000,2.0,model-type_svd-reconstruct_comps_80_dense_256_009.h5,l2,40,10,0.6906,0.0372
1000,0.3,model-type_svd-reconstruct_comps_80_dense_256_009.h5,linf,40,10,0.6906,0.0
1000,0.15,model-type_svd-reconstruct_comps_80_dense_256_009.h5,linf,40,10,0.6906,0.0113
1000,1.0,model-type_svd-reconstruct_comps_80_dense_256_009.h5,l2,100,10,0.6906,0.2587
1000,2.0,model-type_svd-reconstruct_comps_80_dense_256_009.h5,l2,100,10,0.6906,0.0378
1000,0.3,model-type_svd-reconstruct_comps_80_dense_256_009.h5,linf,100,10,0.6906,0.0
1000,0.15,model-type_svd-reconstruct_comps_80_dense_256_009.h5,linf,100,10,0.6906,0.0114
1000,1.0,model-type_svd-reconstruct_comps_80_dense_512_007.h5,l2,40,1,0.735,0.3492
1000,2.0,model-type_svd-reconstruct_comps_80_dense_512_007.h5,l2,40,1,0.735,0.0838
1000,0.3,model-type_svd-reconstruct_comps_80_dense_512_007.h5,linf,40,1,0.735,0.0
1000,0.15,model-type_svd-reconstruct_comps_80_dense_512_007.h5,linf,40,1,0.735,0.046
1000,1.0,model-type_svd-reconstruct_comps_80_dense_512_007.h5,l2,100,1,0.735,0.3487
1000,2.0,model-type_svd-reconstruct_comps_80_dense_512_007.h5,l2,100,1,0.735,0.0831
1000,0.3,model-type_svd-reconstruct_comps_80_dense_512_007.h5,linf,100,1,0.735,0.0
1000,0.15,model-type_svd-reconstruct_comps_80_dense_512_007.h5,linf,100,1,0.735,0.0458
1000,1.0,model-type_svd-reconstruct_comps_80_dense_512_007.h5,l2,40,10,0.735,0.3444
1000,2.0,model-type_svd-reconstruct_comps_80_dense_512_007.h5,l2,40,10,0.735,0.0768
1000,0.3,model-type_svd-reconstruct_comps_80_dense_512_007.h5,linf,40,10,0.735,0.0
1000,0.15,model-type_svd-reconstruct_comps_80_dense_512_007.h5,linf,40,10,0.735,0.0412
1000,1.0,model-type_svd-reconstruct_comps_80_dense_512_007.h5,l2,100,10,0.735,0.343
1000,2.0,model-type_svd-reconstruct_comps_80_dense_512_007.h5,l2,100,10,0.735,0.0769
1000,0.3,model-type_svd-reconstruct_comps_80_dense_512_007.h5,linf,100,10,0.735,0.0
1000,0.15,model-type_svd-reconstruct_comps_80_dense_512_007.h5,linf,100,10,0.735,0.0411
1000,1.0,model-type_svd-reconstruct_comps_90_dense_128_009.h5,l2,40,1,0.4816,0.0795
1000,2.0,model-type_svd-reconstruct_comps_90_dense_128_009.h5,l2,40,1,0.4816,0.0046
1000,0.3,model-type_svd-reconstruct_comps_90_dense_128_009.h5,linf,40,1,0.4816,0.0
1000,0.15,model-type_svd-reconstruct_comps_90_dense_128_009.h5,linf,40,1,0.4816,0.0014
1000,1.0,model-type_svd-reconstruct_comps_90_dense_128_009.h5,l2,100,1,0.4816,0.0787
1000,2.0,model-type_svd-reconstruct_comps_90_dense_128_009.h5,l2,100,1,0.4816,0.0047
1000,0.3,model-type_svd-reconstruct_comps_90_dense_128_009.h5,linf,100,1,0.4816,0.0
1000,0.15,model-type_svd-reconstruct_comps_90_dense_128_009.h5,linf,100,1,0.4816,0.0014
1000,1.0,model-type_svd-reconstruct_comps_90_dense_128_009.h5,l2,40,10,0.4816,0.0768
1000,2.0,model-type_svd-reconstruct_comps_90_dense_128_009.h5,l2,40,10,0.4816,0.0043
1000,0.3,model-type_svd-reconstruct_comps_90_dense_128_009.h5,linf,40,10,0.4816,0.0
1000,0.15,model-type_svd-reconstruct_comps_90_dense_128_009.h5,linf,40,10,0.4816,0.0011
1000,1.0,model-type_svd-reconstruct_comps_90_dense_128_009.h5,l2,100,10,0.4816,0.0762
1000,2.0,model-type_svd-reconstruct_comps_90_dense_128_009.h5,l2,100,10,0.4816,0.0041
1000,0.3,model-type_svd-reconstruct_comps_90_dense_128_009.h5,linf,100,10,0.4816,0.0
1000,0.15,model-type_svd-reconstruct_comps_90_dense_128_009.h5,linf,100,10,0.4816,0.0011
1000,1.0,model-type_svd-reconstruct_comps_90_dense_256_008.h5,l2,40,1,0.6373,0.2771
1000,2.0,model-type_svd-reconstruct_comps_90_dense_256_008.h5,l2,40,1,0.6373,0.0403
1000,0.3,model-type_svd-reconstruct_comps_90_dense_256_008.h5,linf,40,1,0.6373,0.0
1000,0.15,model-type_svd-reconstruct_comps_90_dense_256_008.h5,linf,40,1,0.6373,0.0044
1000,1.0,model-type_svd-reconstruct_comps_90_dense_256_008.h5,l2,100,1,0.6373,0.276
1000,2.0,model-type_svd-reconstruct_comps_90_dense_256_008.h5,l2,100,1,0.6373,0.0397
1000,0.3,model-type_svd-reconstruct_comps_90_dense_256_008.h5,linf,100,1,0.6373,0.0
1000,0.15,model-type_svd-reconstruct_comps_90_dense_256_008.h5,linf,100,1,0.6373,0.0041
1000,1.0,model-type_svd-reconstruct_comps_90_dense_256_008.h5,l2,40,10,0.6373,0.2718
1000,2.0,model-type_svd-reconstruct_comps_90_dense_256_008.h5,l2,40,10,0.6373,0.0329
1000,0.3,model-type_svd-reconstruct_comps_90_dense_256_008.h5,linf,40,10,0.6373,0.0
1000,0.15,model-type_svd-reconstruct_comps_90_dense_256_008.h5,linf,40,10,0.6373,0.0031
1000,1.0,model-type_svd-reconstruct_comps_90_dense_256_008.h5,l2,100,10,0.6373,0.2709
1000,2.0,model-type_svd-reconstruct_comps_90_dense_256_008.h5,l2,100,10,0.6373,0.0327
1000,0.3,model-type_svd-reconstruct_comps_90_dense_256_008.h5,linf,100,10,0.6373,0.0
1000,0.15,model-type_svd-reconstruct_comps_90_dense_256_008.h5,linf,100,10,0.6373,0.0031
1000,1.0,model-type_svd-reconstruct_comps_90_dense_512_009.h5,l2,40,1,0.7668,0.393
1000,2.0,model-type_svd-reconstruct_comps_90_dense_512_009.h5,l2,40,1,0.7668,0.0821
1000,0.3,model-type_svd-reconstruct_comps_90_dense_512_009.h5,linf,40,1,0.7668,0.0
1000,0.15,model-type_svd-reconstruct_comps_90_dense_512_009.h5,linf,40,1,0.7668,0.0394
1000,1.0,model-type_svd-reconstruct_comps_90_dense_512_009.h5,l2,100,1,0.7668,0.3927
1000,2.0,model-type_svd-reconstruct_comps_90_dense_512_009.h5,l2,100,1,0.7668,0.0821
1000,0.3,model-type_svd-reconstruct_comps_90_dense_512_009.h5,linf,100,1,0.7668,0.0
1000,0.15,model-type_svd-reconstruct_comps_90_dense_512_009.h5,linf,100,1,0.7668,0.039
1000,1.0,model-type_svd-reconstruct_comps_90_dense_512_009.h5,l2,40,10,0.7668,0.3872
1000,2.0,model-type_svd-reconstruct_comps_90_dense_512_009.h5,l2,40,10,0.7668,0.0764
1000,0.3,model-type_svd-reconstruct_comps_90_dense_512_009.h5,linf,40,10,0.7668,0.0
1000,0.15,model-type_svd-reconstruct_comps_90_dense_512_009.h5,linf,40,10,0.7668,0.0361
1000,1.0,model-type_svd-reconstruct_comps_90_dense_512_009.h5,l2,100,10,0.7668,0.387
1000,2.0,model-type_svd-reconstruct_comps_90_dense_512_009.h5,l2,100,10,0.7668,0.0755
1000,0.3,model-type_svd-reconstruct_comps_90_dense_512_009.h5,linf,100,10,0.7668,0.0
1000,0.15,model-type_svd-reconstruct_comps_90_dense_512_009.h5,linf,100,10,0.7668,0.0355
1000,1.0,model-type_svd_comps_100_dense_128_009.h5,l2,40,1,0.8128,0.3517
1000,2.0,model-type_svd_comps_100_dense_128_009.h5,l2,40,1,0.8128,0.0641
1000,0.3,model-type_svd_comps_100_dense_128_009.h5,linf,40,1,0.8128,0.0
1000,0.15,model-type_svd_comps_100_dense_128_009.h5,linf,40,1,0.8128,0.0168
1000,1.0,model-type_svd_comps_100_dense_128_009.h5,l2,100,1,0.8128,0.3509
1000,2.0,model-type_svd_comps_100_dense_128_009.h5,l2,100,1,0.8128,0.0635
1000,0.3,model-type_svd_comps_100_dense_128_009.h5,linf,100,1,0.8128,0.0
1000,0.15,model-type_svd_comps_100_dense_128_009.h5,linf,100,1,0.8128,0.0168
1000,1.0,model-type_svd_comps_100_dense_128_009.h5,l2,40,10,0.8128,0.3459
1000,2.0,model-type_svd_comps_100_dense_128_009.h5,l2,40,10,0.8128,0.0584
1000,0.3,model-type_svd_comps_100_dense_128_009.h5,linf,40,10,0.8128,0.0
1000,0.15,model-type_svd_comps_100_dense_128_009.h5,linf,40,10,0.8128,0.0151
1000,1.0,model-type_svd_comps_100_dense_128_009.h5,l2,100,10,0.8128,0.3462
1000,2.0,model-type_svd_comps_100_dense_128_009.h5,l2,100,10,0.8128,0.0582
1000,0.3,model-type_svd_comps_100_dense_128_009.h5,linf,100,10,0.8128,0.0
1000,0.15,model-type_svd_comps_100_dense_128_009.h5,linf,100,10,0.8128,0.015
1000,1.0,model-type_svd_comps_100_dense_256_009.h5,l2,40,1,0.8503,0.3951
1000,2.0,model-type_svd_comps_100_dense_256_009.h5,l2,40,1,0.8503,0.0693
1000,0.3,model-type_svd_comps_100_dense_256_009.h5,linf,40,1,0.8503,0.0
1000,0.15,model-type_svd_comps_100_dense_256_009.h5,linf,40,1,0.8503,0.0222
1000,1.0,model-type_svd_comps_100_dense_256_009.h5,l2,100,1,0.8503,0.3941
1000,2.0,model-type_svd_comps_100_dense_256_009.h5,l2,100,1,0.8503,0.0685
1000,0.3,model-type_svd_comps_100_dense_256_009.h5,linf,100,1,0.8503,0.0
1000,0.15,model-type_svd_comps_100_dense_256_009.h5,linf,100,1,0.8503,0.0216
1000,1.0,model-type_svd_comps_100_dense_256_009.h5,l2,40,10,0.8503,0.3893
1000,2.0,model-type_svd_comps_100_dense_256_009.h5,l2,40,10,0.8503,0.063
1000,0.3,model-type_svd_comps_100_dense_256_009.h5,linf,40,10,0.8503,0.0
1000,0.15,model-type_svd_comps_100_dense_256_009.h5,linf,40,10,0.8503,0.0192
1000,1.0,model-type_svd_comps_100_dense_256_009.h5,l2,100,10,0.8503,0.3889
1000,2.0,model-type_svd_comps_100_dense_256_009.h5,l2,100,10,0.8503,0.0625
1000,0.3,model-type_svd_comps_100_dense_256_009.h5,linf,100,10,0.8503,0.0
1000,0.15,model-type_svd_comps_100_dense_256_009.h5,linf,100,10,0.8503,0.019
1000,1.0,model-type_svd_comps_100_dense_512_008.h5,l2,40,1,0.8688,0.4253
1000,2.0,model-type_svd_comps_100_dense_512_008.h5,l2,40,1,0.8688,0.0931
1000,0.3,model-type_svd_comps_100_dense_512_008.h5,linf,40,1,0.8688,0.0
1000,0.15,model-type_svd_comps_100_dense_512_008.h5,linf,40,1,0.8688,0.0473
1000,1.0,model-type_svd_comps_100_dense_512_008.h5,l2,100,1,0.8688,0.4251
1000,2.0,model-type_svd_comps_100_dense_512_008.h5,l2,100,1,0.8688,0.0923
1000,0.3,model-type_svd_comps_100_dense_512_008.h5,linf,100,1,0.8688,0.0
1000,0.15,model-type_svd_comps_100_dense_512_008.h5,linf,100,1,0.8688,0.0469
1000,1.0,model-type_svd_comps_100_dense_512_008.h5,l2,40,10,0.8688,0.4221
1000,2.0,model-type_svd_comps_100_dense_512_008.h5,l2,40,10,0.8688,0.0876
1000,0.3,model-type_svd_comps_100_dense_512_008.h5,linf,40,10,0.8688,0.0
1000,0.15,model-type_svd_comps_100_dense_512_008.h5,linf,40,10,0.8688,0.0443
1000,1.0,model-type_svd_comps_100_dense_512_008.h5,l2,100,10,0.8688,0.4206
1000,2.0,model-type_svd_comps_100_dense_512_008.h5,l2,100,10,0.8688,0.0866
1000,0.3,model-type_svd_comps_100_dense_512_008.h5,linf,100,10,0.8688,0.0
1000,0.15,model-type_svd_comps_100_dense_512_008.h5,linf,100,10,0.8688,0.0444
1000,1.0,model-type_svd_comps_10_dense_128_009.h5,l2,40,1,0.4415,0.2447
1000,2.0,model-type_svd_comps_10_dense_128_009.h5,l2,40,1,0.4415,0.0964
1000,0.3,model-type_svd_comps_10_dense_128_009.h5,linf,40,1,0.4415,0.0005
1000,0.15,model-type_svd_comps_10_dense_128_009.h5,linf,40,1,0.4415,0.0581
1000,1.0,model-type_svd_comps_10_dense_128_009.h5,l2,100,1,0.4415,0.2442
1000,2.0,model-type_svd_comps_10_dense_128_009.h5,l2,100,1,0.4415,0.0959
1000,0.3,model-type_svd_comps_10_dense_128_009.h5,linf,100,1,0.4415,0.0004
1000,0.15,model-type_svd_comps_10_dense_128_009.h5,linf,100,1,0.4415,0.0584
1000,1.0,model-type_svd_comps_10_dense_128_009.h5,l2,40,10,0.4415,0.2428
1000,2.0,model-type_svd_comps_10_dense_128_009.h5,l2,40,10,0.4415,0.0925
1000,0.3,model-type_svd_comps_10_dense_128_009.h5,linf,40,10,0.4415,0.0004
1000,0.15,model-type_svd_comps_10_dense_128_009.h5,linf,40,10,0.4415,0.0563
1000,1.0,model-type_svd_comps_10_dense_128_009.h5,l2,100,10,0.4415,0.2429
1000,2.0,model-type_svd_comps_10_dense_128_009.h5,l2,100,10,0.4415,0.0925
1000,0.3,model-type_svd_comps_10_dense_128_009.h5,linf,100,10,0.4415,0.0005
1000,0.15,model-type_svd_comps_10_dense_128_009.h5,linf,100,10,0.4415,0.0566
1000,1.0,model-type_svd_comps_10_dense_256_009.h5,l2,40,1,0.479,0.2446
1000,2.0,model-type_svd_comps_10_dense_256_009.h5,l2,40,1,0.479,0.0886
1000,0.3,model-type_svd_comps_10_dense_256_009.h5,linf,40,1,0.479,0.003
1000,0.15,model-type_svd_comps_10_dense_256_009.h5,linf,40,1,0.479,0.0556
1000,1.0,model-type_svd_comps_10_dense_256_009.h5,l2,100,1,0.479,0.2435
1000,2.0,model-type_svd_comps_10_dense_256_009.h5,l2,100,1,0.479,0.0876
1000,0.3,model-type_svd_comps_10_dense_256_009.h5,linf,100,1,0.479,0.003
1000,0.15,model-type_svd_comps_10_dense_256_009.h5,linf,100,1,0.479,0.0559
1000,1.0,model-type_svd_comps_10_dense_256_009.h5,l2,40,10,0.479,0.243
1000,2.0,model-type_svd_comps_10_dense_256_009.h5,l2,40,10,0.479,0.086
1000,0.3,model-type_svd_comps_10_dense_256_009.h5,linf,40,10,0.479,0.0028
1000,0.15,model-type_svd_comps_10_dense_256_009.h5,linf,40,10,0.479,0.0544
