batch_size,eps,model,norm,steps,trials,acc,robust_acc
1000,1.0,MLP_origin_dense_n_100_dense_128_040,l2,40,1,0.9944,0.1465
1000,2.0,MLP_origin_dense_n_100_dense_128_040,l2,40,1,0.9944,0.0033
1000,0.3,MLP_origin_dense_n_100_dense_128_040,linf,40,1,0.9944,0.0
1000,0.15,MLP_origin_dense_n_100_dense_128_040,linf,40,1,0.9944,0.0001
1000,1.0,MLP_origin_dense_n_100_dense_128_040,l2,100,1,0.9944,0.1459
1000,2.0,MLP_origin_dense_n_100_dense_128_040,l2,100,1,0.9944,0.0031
1000,0.3,MLP_origin_dense_n_100_dense_128_040,linf,100,1,0.9944,0.0
1000,0.15,MLP_origin_dense_n_100_dense_128_040,linf,100,1,0.9944,0.0002
1000,1.0,MLP_origin_dense_n_100_dense_128_040,l2,40,10,0.9944,0.1363
1000,2.0,MLP_origin_dense_n_100_dense_128_040,l2,40,10,0.9944,0.0021
1000,0.3,MLP_origin_dense_n_100_dense_128_040,linf,40,10,0.9944,0.0
1000,0.15,MLP_origin_dense_n_100_dense_128_040,linf,40,10,0.9944,0.0
1000,1.0,MLP_origin_dense_n_100_dense_128_040,l2,100,10,0.9944,0.1367
1000,2.0,MLP_origin_dense_n_100_dense_128_040,l2,100,10,0.9944,0.002
1000,0.3,MLP_origin_dense_n_100_dense_128_040,linf,100,10,0.9944,0.0
1000,0.15,MLP_origin_dense_n_100_dense_128_040,linf,100,10,0.9944,0.0
1000,1.0,MLP_origin_dense_n_100_dense_256_047,l2,40,1,0.9974,0.1527
1000,2.0,MLP_origin_dense_n_100_dense_256_047,l2,40,1,0.9974,0.0011
1000,0.3,MLP_origin_dense_n_100_dense_256_047,linf,40,1,0.9974,0.0
1000,0.15,MLP_origin_dense_n_100_dense_256_047,linf,40,1,0.9974,0.0
1000,1.0,MLP_origin_dense_n_100_dense_256_047,l2,100,1,0.9974,0.1508
1000,2.0,MLP_origin_dense_n_100_dense_256_047,l2,100,1,0.9974,0.0011
1000,0.3,MLP_origin_dense_n_100_dense_256_047,linf,100,1,0.9974,0.0
1000,0.15,MLP_origin_dense_n_100_dense_256_047,linf,100,1,0.9974,0.0001
1000,1.0,MLP_origin_dense_n_100_dense_256_047,l2,40,10,0.9974,0.145
1000,2.0,MLP_origin_dense_n_100_dense_256_047,l2,40,10,0.9974,0.0006
1000,0.3,MLP_origin_dense_n_100_dense_256_047,linf,40,10,0.9974,0.0
1000,0.15,MLP_origin_dense_n_100_dense_256_047,linf,40,10,0.9974,0.0
1000,1.0,MLP_origin_dense_n_100_dense_256_047,l2,100,10,0.9974,0.1431
1000,2.0,MLP_origin_dense_n_100_dense_256_047,l2,100,10,0.9974,0.0006
1000,0.3,MLP_origin_dense_n_100_dense_256_047,linf,100,10,0.9974,0.0
1000,0.15,MLP_origin_dense_n_100_dense_256_047,linf,100,10,0.9974,0.0
1000,1.0,MLP_origin_dense_n_100_dense_512_032,l2,40,1,0.9966,0.1962
1000,2.0,MLP_origin_dense_n_100_dense_512_032,l2,40,1,0.9966,0.0044
1000,0.3,MLP_origin_dense_n_100_dense_512_032,linf,40,1,0.9966,0.0
1000,0.15,MLP_origin_dense_n_100_dense_512_032,linf,40,1,0.9966,0.0002
1000,1.0,MLP_origin_dense_n_100_dense_512_032,l2,100,1,0.9966,0.1956
1000,2.0,MLP_origin_dense_n_100_dense_512_032,l2,100,1,0.9966,0.0041
1000,0.3,MLP_origin_dense_n_100_dense_512_032,linf,100,1,0.9966,0.0
1000,0.15,MLP_origin_dense_n_100_dense_512_032,linf,100,1,0.9966,0.0001
1000,1.0,MLP_origin_dense_n_100_dense_512_032,l2,40,10,0.9966,0.1879
1000,2.0,MLP_origin_dense_n_100_dense_512_032,l2,40,10,0.9966,0.0029
1000,0.3,MLP_origin_dense_n_100_dense_512_032,linf,40,10,0.9966,0.0
1000,0.15,MLP_origin_dense_n_100_dense_512_032,linf,40,10,0.9966,0.0
1000,1.0,MLP_origin_dense_n_100_dense_512_032,l2,100,10,0.9966,0.1869
1000,2.0,MLP_origin_dense_n_100_dense_512_032,l2,100,10,0.9966,0.0031
1000,0.3,MLP_origin_dense_n_100_dense_512_032,linf,100,10,0.9966,0.0
1000,0.15,MLP_origin_dense_n_100_dense_512_032,linf,100,10,0.9966,0.0
1000,1.0,MLP_origin_dense_n_10_dense_128_049,l2,40,1,0.9689,0.1289
1000,2.0,MLP_origin_dense_n_10_dense_128_049,l2,40,1,0.9689,0.0051
1000,0.3,MLP_origin_dense_n_10_dense_128_049,linf,40,1,0.9689,0.0
1000,0.15,MLP_origin_dense_n_10_dense_128_049,linf,40,1,0.9689,0.0004
1000,1.0,MLP_origin_dense_n_10_dense_128_049,l2,100,1,0.9689,0.1271
1000,2.0,MLP_origin_dense_n_10_dense_128_049,l2,100,1,0.9689,0.0045
1000,0.3,MLP_origin_dense_n_10_dense_128_049,linf,100,1,0.9689,0.0
1000,0.15,MLP_origin_dense_n_10_dense_128_049,linf,100,1,0.9689,0.0007
1000,1.0,MLP_origin_dense_n_10_dense_128_049,l2,40,10,0.9689,0.1209
1000,2.0,MLP_origin_dense_n_10_dense_128_049,l2,40,10,0.9689,0.0034
1000,0.3,MLP_origin_dense_n_10_dense_128_049,linf,40,10,0.9689,0.0
1000,0.15,MLP_origin_dense_n_10_dense_128_049,linf,40,10,0.9689,0.0004
1000,1.0,MLP_origin_dense_n_10_dense_128_049,l2,100,10,0.9689,0.1203
1000,2.0,MLP_origin_dense_n_10_dense_128_049,l2,100,10,0.9689,0.003
1000,0.3,MLP_origin_dense_n_10_dense_128_049,linf,100,10,0.9689,0.0
1000,0.15,MLP_origin_dense_n_10_dense_128_049,linf,100,10,0.9689,0.0002
1000,1.0,MLP_origin_dense_n_10_dense_256_046,l2,40,1,0.973,0.1649
1000,2.0,MLP_origin_dense_n_10_dense_256_046,l2,40,1,0.973,0.0042
1000,0.3,MLP_origin_dense_n_10_dense_256_046,linf,40,1,0.973,0.0
1000,0.15,MLP_origin_dense_n_10_dense_256_046,linf,40,1,0.973,0.0004
1000,1.0,MLP_origin_dense_n_10_dense_256_046,l2,100,1,0.973,0.1636
1000,2.0,MLP_origin_dense_n_10_dense_256_046,l2,100,1,0.973,0.0039
1000,0.3,MLP_origin_dense_n_10_dense_256_046,linf,100,1,0.973,0.0
1000,0.15,MLP_origin_dense_n_10_dense_256_046,linf,100,1,0.973,0.0004
1000,1.0,MLP_origin_dense_n_10_dense_256_046,l2,40,10,0.973,0.1571
1000,2.0,MLP_origin_dense_n_10_dense_256_046,l2,40,10,0.973,0.0028
1000,0.3,MLP_origin_dense_n_10_dense_256_046,linf,40,10,0.973,0.0
1000,0.15,MLP_origin_dense_n_10_dense_256_046,linf,40,10,0.973,0.0003
1000,1.0,MLP_origin_dense_n_10_dense_256_046,l2,100,10,0.973,0.1551
1000,2.0,MLP_origin_dense_n_10_dense_256_046,l2,100,10,0.973,0.0027
1000,0.3,MLP_origin_dense_n_10_dense_256_046,linf,100,10,0.973,0.0
1000,0.15,MLP_origin_dense_n_10_dense_256_046,linf,100,10,0.973,0.0002
1000,1.0,MLP_origin_dense_n_10_dense_512_039,l2,40,1,0.9723,0.1309
1000,2.0,MLP_origin_dense_n_10_dense_512_039,l2,40,1,0.9723,0.002
1000,0.3,MLP_origin_dense_n_10_dense_512_039,linf,40,1,0.9723,0.0
1000,0.15,MLP_origin_dense_n_10_dense_512_039,linf,40,1,0.9723,0.0001
1000,1.0,MLP_origin_dense_n_10_dense_512_039,l2,100,1,0.9723,0.1309
1000,2.0,MLP_origin_dense_n_10_dense_512_039,l2,100,1,0.9723,0.0017
1000,0.3,MLP_origin_dense_n_10_dense_512_039,linf,100,1,0.9723,0.0
1000,0.15,MLP_origin_dense_n_10_dense_512_039,linf,100,1,0.9723,0.0001
1000,1.0,MLP_origin_dense_n_10_dense_512_039,l2,40,10,0.9723,0.1244
1000,2.0,MLP_origin_dense_n_10_dense_512_039,l2,40,10,0.9723,0.0012
1000,0.3,MLP_origin_dense_n_10_dense_512_039,linf,40,10,0.9723,0.0
1000,0.15,MLP_origin_dense_n_10_dense_512_039,linf,40,10,0.9723,0.0001
1000,1.0,MLP_origin_dense_n_10_dense_512_039,l2,100,10,0.9723,0.1238
1000,2.0,MLP_origin_dense_n_10_dense_512_039,l2,100,10,0.9723,0.0012
1000,0.3,MLP_origin_dense_n_10_dense_512_039,linf,100,10,0.9723,0.0
1000,0.15,MLP_origin_dense_n_10_dense_512_039,linf,100,10,0.9723,0.0
1000,1.0,MLP_origin_dense_n_20_dense_128_047,l2,40,1,0.9798,0.1443
1000,2.0,MLP_origin_dense_n_20_dense_128_047,l2,40,1,0.9798,0.0033
1000,0.3,MLP_origin_dense_n_20_dense_128_047,linf,40,1,0.9798,0.0
1000,0.15,MLP_origin_dense_n_20_dense_128_047,linf,40,1,0.9798,0.0007
1000,1.0,MLP_origin_dense_n_20_dense_128_047,l2,100,1,0.9798,0.1425
1000,2.0,MLP_origin_dense_n_20_dense_128_047,l2,100,1,0.9798,0.0039
1000,0.3,MLP_origin_dense_n_20_dense_128_047,linf,100,1,0.9798,0.0
1000,0.15,MLP_origin_dense_n_20_dense_128_047,linf,100,1,0.9798,0.0007
1000,1.0,MLP_origin_dense_n_20_dense_128_047,l2,40,10,0.9798,0.1361
1000,2.0,MLP_origin_dense_n_20_dense_128_047,l2,40,10,0.9798,0.0024
1000,0.3,MLP_origin_dense_n_20_dense_128_047,linf,40,10,0.9798,0.0
1000,0.15,MLP_origin_dense_n_20_dense_128_047,linf,40,10,0.9798,0.0004
1000,1.0,MLP_origin_dense_n_20_dense_128_047,l2,100,10,0.9798,0.1357
1000,2.0,MLP_origin_dense_n_20_dense_128_047,l2,100,10,0.9798,0.0023
1000,0.3,MLP_origin_dense_n_20_dense_128_047,linf,100,10,0.9798,0.0
1000,0.15,MLP_origin_dense_n_20_dense_128_047,linf,100,10,0.9798,0.0003
1000,1.0,MLP_origin_dense_n_20_dense_256_047,l2,40,1,0.9855,0.1438
1000,2.0,MLP_origin_dense_n_20_dense_256_047,l2,40,1,0.9855,0.0028
1000,0.3,MLP_origin_dense_n_20_dense_256_047,linf,40,1,0.9855,0.0
1000,0.15,MLP_origin_dense_n_20_dense_256_047,linf,40,1,0.9855,0.0001
1000,1.0,MLP_origin_dense_n_20_dense_256_047,l2,100,1,0.9855,0.1423
1000,2.0,MLP_origin_dense_n_20_dense_256_047,l2,100,1,0.9855,0.0028
1000,0.3,MLP_origin_dense_n_20_dense_256_047,linf,100,1,0.9855,0.0
1000,0.15,MLP_origin_dense_n_20_dense_256_047,linf,100,1,0.9855,0.0
1000,1.0,MLP_origin_dense_n_20_dense_256_047,l2,40,10,0.9855,0.136
1000,2.0,MLP_origin_dense_n_20_dense_256_047,l2,40,10,0.9855,0.0019
1000,0.3,MLP_origin_dense_n_20_dense_256_047,linf,40,10,0.9855,0.0
1000,0.15,MLP_origin_dense_n_20_dense_256_047,linf,40,10,0.9855,0.0
1000,1.0,MLP_origin_dense_n_20_dense_256_047,l2,100,10,0.9855,0.1348
1000,2.0,MLP_origin_dense_n_20_dense_256_047,l2,100,10,0.9855,0.0016
1000,0.3,MLP_origin_dense_n_20_dense_256_047,linf,100,10,0.9855,0.0
1000,0.15,MLP_origin_dense_n_20_dense_256_047,linf,100,10,0.9855,0.0
1000,1.0,MLP_origin_dense_n_20_dense_512_045,l2,40,1,0.9873,0.146
1000,2.0,MLP_origin_dense_n_20_dense_512_045,l2,40,1,0.9873,0.0014
1000,0.3,MLP_origin_dense_n_20_dense_512_045,linf,40,1,0.9873,0.0
1000,0.15,MLP_origin_dense_n_20_dense_512_045,linf,40,1,0.9873,0.0
1000,1.0,MLP_origin_dense_n_20_dense_512_045,l2,100,1,0.9873,0.1445
1000,2.0,MLP_origin_dense_n_20_dense_512_045,l2,100,1,0.9873,0.0014
1000,0.3,MLP_origin_dense_n_20_dense_512_045,linf,100,1,0.9873,0.0
1000,0.15,MLP_origin_dense_n_20_dense_512_045,linf,100,1,0.9873,0.0
1000,1.0,MLP_origin_dense_n_20_dense_512_045,l2,40,10,0.9873,0.1389
1000,2.0,MLP_origin_dense_n_20_dense_512_045,l2,40,10,0.9873,0.001
1000,0.3,MLP_origin_dense_n_20_dense_512_045,linf,40,10,0.9873,0.0
1000,0.15,MLP_origin_dense_n_20_dense_512_045,linf,40,10,0.9873,0.0
1000,1.0,MLP_origin_dense_n_20_dense_512_045,l2,100,10,0.9873,0.1374
1000,2.0,MLP_origin_dense_n_20_dense_512_045,l2,100,10,0.9873,0.001
1000,0.3,MLP_origin_dense_n_20_dense_512_045,linf,100,10,0.9873,0.0
1000,0.15,MLP_origin_dense_n_20_dense_512_045,linf,100,10,0.9873,0.0
1000,1.0,MLP_origin_dense_n_30_dense_128_042,l2,40,1,0.9823,0.1206
1000,2.0,MLP_origin_dense_n_30_dense_128_042,l2,40,1,0.9823,0.0014
1000,0.3,MLP_origin_dense_n_30_dense_128_042,linf,40,1,0.9823,0.0
1000,0.15,MLP_origin_dense_n_30_dense_128_042,linf,40,1,0.9823,0.0
1000,1.0,MLP_origin_dense_n_30_dense_128_042,l2,100,1,0.9823,0.1191
1000,2.0,MLP_origin_dense_n_30_dense_128_042,l2,100,1,0.9823,0.0011
1000,0.3,MLP_origin_dense_n_30_dense_128_042,linf,100,1,0.9823,0.0
1000,0.15,MLP_origin_dense_n_30_dense_128_042,linf,100,1,0.9823,0.0
1000,1.0,MLP_origin_dense_n_30_dense_128_042,l2,40,10,0.9823,0.1134
1000,2.0,MLP_origin_dense_n_30_dense_128_042,l2,40,10,0.9823,0.0006
1000,0.3,MLP_origin_dense_n_30_dense_128_042,linf,40,10,0.9823,0.0
1000,0.15,MLP_origin_dense_n_30_dense_128_042,linf,40,10,0.9823,0.0
1000,1.0,MLP_origin_dense_n_30_dense_128_042,l2,100,10,0.9823,0.1129
1000,2.0,MLP_origin_dense_n_30_dense_128_042,l2,100,10,0.9823,0.0005
1000,0.3,MLP_origin_dense_n_30_dense_128_042,linf,100,10,0.9823,0.0
1000,0.15,MLP_origin_dense_n_30_dense_128_042,linf,100,10,0.9823,0.0
1000,1.0,MLP_origin_dense_n_30_dense_256_048,l2,40,1,0.9877,0.1427
1000,2.0,MLP_origin_dense_n_30_dense_256_048,l2,40,1,0.9877,0.0007
1000,0.3,MLP_origin_dense_n_30_dense_256_048,linf,40,1,0.9877,0.0
1000,0.15,MLP_origin_dense_n_30_dense_256_048,linf,40,1,0.9877,0.0
1000,1.0,MLP_origin_dense_n_30_dense_256_048,l2,100,1,0.9877,0.1421
1000,2.0,MLP_origin_dense_n_30_dense_256_048,l2,100,1,0.9877,0.0006
1000,0.3,MLP_origin_dense_n_30_dense_256_048,linf,100,1,0.9877,0.0
1000,0.15,MLP_origin_dense_n_30_dense_256_048,linf,100,1,0.9877,0.0
1000,1.0,MLP_origin_dense_n_30_dense_256_048,l2,40,10,0.9877,0.135
1000,2.0,MLP_origin_dense_n_30_dense_256_048,l2,40,10,0.9877,0.0006
1000,0.3,MLP_origin_dense_n_30_dense_256_048,linf,40,10,0.9877,0.0
1000,0.15,MLP_origin_dense_n_30_dense_256_048,linf,40,10,0.9877,0.0
1000,1.0,MLP_origin_dense_n_30_dense_256_048,l2,100,10,0.9877,0.1342
1000,2.0,MLP_origin_dense_n_30_dense_256_048,l2,100,10,0.9877,0.0006
1000,0.3,MLP_origin_dense_n_30_dense_256_048,linf,100,10,0.9877,0.0
1000,0.15,MLP_origin_dense_n_30_dense_256_048,linf,100,10,0.9877,0.0
1000,1.0,MLP_origin_dense_n_30_dense_512_040,l2,40,1,0.9896,0.1766
1000,2.0,MLP_origin_dense_n_30_dense_512_040,l2,40,1,0.9896,0.0041
1000,0.3,MLP_origin_dense_n_30_dense_512_040,linf,40,1,0.9896,0.0
1000,0.15,MLP_origin_dense_n_30_dense_512_040,linf,40,1,0.9896,0.0001
1000,1.0,MLP_origin_dense_n_30_dense_512_040,l2,100,1,0.9896,0.1762
1000,2.0,MLP_origin_dense_n_30_dense_512_040,l2,100,1,0.9896,0.0037
1000,0.3,MLP_origin_dense_n_30_dense_512_040,linf,100,1,0.9896,0.0
1000,0.15,MLP_origin_dense_n_30_dense_512_040,linf,100,1,0.9896,0.0001
1000,1.0,MLP_origin_dense_n_30_dense_512_040,l2,40,10,0.9896,0.1698
1000,2.0,MLP_origin_dense_n_30_dense_512_040,l2,40,10,0.9896,0.0029
1000,0.3,MLP_origin_dense_n_30_dense_512_040,linf,40,10,0.9896,0.0
1000,0.15,MLP_origin_dense_n_30_dense_512_040,linf,40,10,0.9896,0.0001
1000,1.0,MLP_origin_dense_n_30_dense_512_040,l2,100,10,0.9896,0.1689
1000,2.0,MLP_origin_dense_n_30_dense_512_040,l2,100,10,0.9896,0.0028
1000,0.3,MLP_origin_dense_n_30_dense_512_040,linf,100,10,0.9896,0.0
1000,0.15,MLP_origin_dense_n_30_dense_512_040,linf,100,10,0.9896,0.0
1000,1.0,MLP_origin_dense_n_40_dense_128_046,l2,40,1,0.988,0.1416
1000,2.0,MLP_origin_dense_n_40_dense_128_046,l2,40,1,0.988,0.0028
1000,0.3,MLP_origin_dense_n_40_dense_128_046,linf,40,1,0.988,0.0
1000,0.15,MLP_origin_dense_n_40_dense_128_046,linf,40,1,0.988,0.0001
1000,1.0,MLP_origin_dense_n_40_dense_128_046,l2,100,1,0.988,0.142
1000,2.0,MLP_origin_dense_n_40_dense_128_046,l2,100,1,0.988,0.0032
1000,0.3,MLP_origin_dense_n_40_dense_128_046,linf,100,1,0.988,0.0
1000,0.15,MLP_origin_dense_n_40_dense_128_046,linf,100,1,0.988,0.0002
1000,1.0,MLP_origin_dense_n_40_dense_128_046,l2,40,10,0.988,0.1343
1000,2.0,MLP_origin_dense_n_40_dense_128_046,l2,40,10,0.988,0.0018
1000,0.3,MLP_origin_dense_n_40_dense_128_046,linf,40,10,0.988,0.0
1000,0.15,MLP_origin_dense_n_40_dense_128_046,linf,40,10,0.988,0.0
1000,1.0,MLP_origin_dense_n_40_dense_128_046,l2,100,10,0.988,0.1339
1000,2.0,MLP_origin_dense_n_40_dense_128_046,l2,100,10,0.988,0.0016
1000,0.3,MLP_origin_dense_n_40_dense_128_046,linf,100,10,0.988,0.0
1000,0.15,MLP_origin_dense_n_40_dense_128_046,linf,100,10,0.988,0.0
1000,1.0,MLP_origin_dense_n_40_dense_256_046,l2,40,1,0.9898,0.1424
1000,2.0,MLP_origin_dense_n_40_dense_256_046,l2,40,1,0.9898,0.002
1000,0.3,MLP_origin_dense_n_40_dense_256_046,linf,40,1,0.9898,0.0
1000,0.15,MLP_origin_dense_n_40_dense_256_046,linf,40,1,0.9898,0.0002
1000,1.0,MLP_origin_dense_n_40_dense_256_046,l2,100,1,0.9898,0.1416
1000,2.0,MLP_origin_dense_n_40_dense_256_046,l2,100,1,0.9898,0.0023
1000,0.3,MLP_origin_dense_n_40_dense_256_046,linf,100,1,0.9898,0.0
1000,0.15,MLP_origin_dense_n_40_dense_256_046,linf,100,1,0.9898,0.0001
1000,1.0,MLP_origin_dense_n_40_dense_256_046,l2,40,10,0.9898,0.1347
1000,2.0,MLP_origin_dense_n_40_dense_256_046,l2,40,10,0.9898,0.0017
1000,0.3,MLP_origin_dense_n_40_dense_256_046,linf,40,10,0.9898,0.0
1000,0.15,MLP_origin_dense_n_40_dense_256_046,linf,40,10,0.9898,0.0001
1000,1.0,MLP_origin_dense_n_40_dense_256_046,l2,100,10,0.9898,0.1342
1000,2.0,MLP_origin_dense_n_40_dense_256_046,l2,100,10,0.9898,0.0014
1000,0.3,MLP_origin_dense_n_40_dense_256_046,linf,100,10,0.9898,0.0
1000,0.15,MLP_origin_dense_n_40_dense_256_046,linf,100,10,0.9898,0.0001
1000,1.0,MLP_origin_dense_n_40_dense_512_040,l2,40,1,0.9933,0.1607
1000,2.0,MLP_origin_dense_n_40_dense_512_040,l2,40,1,0.9933,0.0024
1000,0.3,MLP_origin_dense_n_40_dense_512_040,linf,40,1,0.9933,0.0
1000,0.15,MLP_origin_dense_n_40_dense_512_040,linf,40,1,0.9933,0.0002
1000,1.0,MLP_origin_dense_n_40_dense_512_040,l2,100,1,0.9933,0.159
1000,2.0,MLP_origin_dense_n_40_dense_512_040,l2,100,1,0.9933,0.0022
1000,0.3,MLP_origin_dense_n_40_dense_512_040,linf,100,1,0.9933,0.0
1000,0.15,MLP_origin_dense_n_40_dense_512_040,linf,100,1,0.9933,0.0001
1000,1.0,MLP_origin_dense_n_40_dense_512_040,l2,40,10,0.9933,0.1517
1000,2.0,MLP_origin_dense_n_40_dense_512_040,l2,40,10,0.9933,0.0015
1000,0.3,MLP_origin_dense_n_40_dense_512_040,linf,40,10,0.9933,0.0
1000,0.15,MLP_origin_dense_n_40_dense_512_040,linf,40,10,0.9933,0.0
1000,1.0,MLP_origin_dense_n_40_dense_512_040,l2,100,10,0.9933,0.1519
1000,2.0,MLP_origin_dense_n_40_dense_512_040,l2,100,10,0.9933,0.0013
1000,0.3,MLP_origin_dense_n_40_dense_512_040,linf,100,10,0.9933,0.0
1000,0.15,MLP_origin_dense_n_40_dense_512_040,linf,100,10,0.9933,0.0
1000,1.0,MLP_origin_dense_n_50_dense_128_043,l2,40,1,0.9886,0.1325
1000,2.0,MLP_origin_dense_n_50_dense_128_043,l2,40,1,0.9886,0.0032
1000,0.3,MLP_origin_dense_n_50_dense_128_043,linf,40,1,0.9886,0.0
1000,0.15,MLP_origin_dense_n_50_dense_128_043,linf,40,1,0.9886,0.0005
1000,1.0,MLP_origin_dense_n_50_dense_128_043,l2,100,1,0.9886,0.1315
1000,2.0,MLP_origin_dense_n_50_dense_128_043,l2,100,1,0.9886,0.0033
1000,0.3,MLP_origin_dense_n_50_dense_128_043,linf,100,1,0.9886,0.0
1000,0.15,MLP_origin_dense_n_50_dense_128_043,linf,100,1,0.9886,0.0004
1000,1.0,MLP_origin_dense_n_50_dense_128_043,l2,40,10,0.9886,0.1243
1000,2.0,MLP_origin_dense_n_50_dense_128_043,l2,40,10,0.9886,0.0025
1000,0.3,MLP_origin_dense_n_50_dense_128_043,linf,40,10,0.9886,0.0
1000,0.15,MLP_origin_dense_n_50_dense_128_043,linf,40,10,0.9886,0.0002
1000,1.0,MLP_origin_dense_n_50_dense_128_043,l2,100,10,0.9886,0.123
1000,2.0,MLP_origin_dense_n_50_dense_128_043,l2,100,10,0.9886,0.0026
1000,0.3,MLP_origin_dense_n_50_dense_128_043,linf,100,10,0.9886,0.0
1000,0.15,MLP_origin_dense_n_50_dense_128_043,linf,100,10,0.9886,0.0001
1000,1.0,MLP_origin_dense_n_50_dense_256_042,l2,40,1,0.9917,0.1439
1000,2.0,MLP_origin_dense_n_50_dense_256_042,l2,40,1,0.9917,0.0015
1000,0.3,MLP_origin_dense_n_50_dense_256_042,linf,40,1,0.9917,0.0
1000,0.15,MLP_origin_dense_n_50_dense_256_042,linf,40,1,0.9917,0.0
1000,1.0,MLP_origin_dense_n_50_dense_256_042,l2,100,1,0.9917,0.142
1000,2.0,MLP_origin_dense_n_50_dense_256_042,l2,100,1,0.9917,0.0014
1000,0.3,MLP_origin_dense_n_50_dense_256_042,linf,100,1,0.9917,0.0
1000,0.15,MLP_origin_dense_n_50_dense_256_042,linf,100,1,0.9917,0.0
1000,1.0,MLP_origin_dense_n_50_dense_256_042,l2,40,10,0.9917,0.1344
1000,2.0,MLP_origin_dense_n_50_dense_256_042,l2,40,10,0.9917,0.0008
1000,0.3,MLP_origin_dense_n_50_dense_256_042,linf,40,10,0.9917,0.0
1000,0.15,MLP_origin_dense_n_50_dense_256_042,linf,40,10,0.9917,0.0
1000,1.0,MLP_origin_dense_n_50_dense_256_042,l2,100,10,0.9917,0.1334
1000,2.0,MLP_origin_dense_n_50_dense_256_042,l2,100,10,0.9917,0.0008
1000,0.3,MLP_origin_dense_n_50_dense_256_042,linf,100,10,0.9917,0.0
1000,0.15,MLP_origin_dense_n_50_dense_256_042,linf,100,10,0.9917,0.0
1000,1.0,MLP_origin_dense_n_50_dense_512_049,l2,40,1,0.9979,0.1466
1000,2.0,MLP_origin_dense_n_50_dense_512_049,l2,40,1,0.9979,0.0035
1000,0.3,MLP_origin_dense_n_50_dense_512_049,linf,40,1,0.9979,0.0
1000,0.15,MLP_origin_dense_n_50_dense_512_049,linf,40,1,0.9979,0.0001
1000,1.0,MLP_origin_dense_n_50_dense_512_049,l2,100,1,0.9979,0.1464
1000,2.0,MLP_origin_dense_n_50_dense_512_049,l2,100,1,0.9979,0.003
1000,0.3,MLP_origin_dense_n_50_dense_512_049,linf,100,1,0.9979,0.0
1000,0.15,MLP_origin_dense_n_50_dense_512_049,linf,100,1,0.9979,0.0002
1000,1.0,MLP_origin_dense_n_50_dense_512_049,l2,40,10,0.9979,0.1381
1000,2.0,MLP_origin_dense_n_50_dense_512_049,l2,40,10,0.9979,0.0019
1000,0.3,MLP_origin_dense_n_50_dense_512_049,linf,40,10,0.9979,0.0
1000,0.15,MLP_origin_dense_n_50_dense_512_049,linf,40,10,0.9979,0.0
1000,1.0,MLP_origin_dense_n_50_dense_512_049,l2,100,10,0.9979,0.1382
1000,2.0,MLP_origin_dense_n_50_dense_512_049,l2,100,10,0.9979,0.0021
1000,0.3,MLP_origin_dense_n_50_dense_512_049,linf,100,10,0.9979,0.0
1000,0.15,MLP_origin_dense_n_50_dense_512_049,linf,100,10,0.9979,0.0
1000,1.0,MLP_origin_dense_n_60_dense_128_049,l2,40,1,0.9905,0.1035
1000,2.0,MLP_origin_dense_n_60_dense_128_049,l2,40,1,0.9905,0.0009
1000,0.3,MLP_origin_dense_n_60_dense_128_049,linf,40,1,0.9905,0.0
1000,0.15,MLP_origin_dense_n_60_dense_128_049,linf,40,1,0.9905,0.0001
1000,1.0,MLP_origin_dense_n_60_dense_128_049,l2,100,1,0.9905,0.1027
1000,2.0,MLP_origin_dense_n_60_dense_128_049,l2,100,1,0.9905,0.0009
1000,0.3,MLP_origin_dense_n_60_dense_128_049,linf,100,1,0.9905,0.0
1000,0.15,MLP_origin_dense_n_60_dense_128_049,linf,100,1,0.9905,0.0
1000,1.0,MLP_origin_dense_n_60_dense_128_049,l2,40,10,0.9905,0.0941
1000,2.0,MLP_origin_dense_n_60_dense_128_049,l2,40,10,0.9905,0.0003
1000,0.3,MLP_origin_dense_n_60_dense_128_049,linf,40,10,0.9905,0.0
1000,0.15,MLP_origin_dense_n_60_dense_128_049,linf,40,10,0.9905,0.0
1000,1.0,MLP_origin_dense_n_60_dense_128_049,l2,100,10,0.9905,0.0931
1000,2.0,MLP_origin_dense_n_60_dense_128_049,l2,100,10,0.9905,0.0005
1000,0.3,MLP_origin_dense_n_60_dense_128_049,linf,100,10,0.9905,0.0
1000,0.15,MLP_origin_dense_n_60_dense_128_049,linf,100,10,0.9905,0.0
1000,1.0,MLP_origin_dense_n_60_dense_256_049,l2,40,1,0.9956,0.129
1000,2.0,MLP_origin_dense_n_60_dense_256_049,l2,40,1,0.9956,0.0012
1000,0.3,MLP_origin_dense_n_60_dense_256_049,linf,40,1,0.9956,0.0
1000,0.15,MLP_origin_dense_n_60_dense_256_049,linf,40,1,0.9956,0.0
1000,1.0,MLP_origin_dense_n_60_dense_256_049,l2,100,1,0.9956,0.128
1000,2.0,MLP_origin_dense_n_60_dense_256_049,l2,100,1,0.9956,0.001
1000,0.3,MLP_origin_dense_n_60_dense_256_049,linf,100,1,0.9956,0.0
1000,0.15,MLP_origin_dense_n_60_dense_256_049,linf,100,1,0.9956,0.0
1000,1.0,MLP_origin_dense_n_60_dense_256_049,l2,40,10,0.9956,0.1206
1000,2.0,MLP_origin_dense_n_60_dense_256_049,l2,40,10,0.9956,0.0007
1000,0.3,MLP_origin_dense_n_60_dense_256_049,linf,40,10,0.9956,0.0
1000,0.15,MLP_origin_dense_n_60_dense_256_049,linf,40,10,0.9956,0.0
1000,1.0,MLP_origin_dense_n_60_dense_256_049,l2,100,10,0.9956,0.1196
1000,2.0,MLP_origin_dense_n_60_dense_256_049,l2,100,10,0.9956,0.0007
1000,0.3,MLP_origin_dense_n_60_dense_256_049,linf,100,10,0.9956,0.0
1000,0.15,MLP_origin_dense_n_60_dense_256_049,linf,100,10,0.9956,0.0
1000,1.0,MLP_origin_dense_n_60_dense_512_044,l2,40,1,0.9957,0.1616
1000,2.0,MLP_origin_dense_n_60_dense_512_044,l2,40,1,0.9957,0.0027
1000,0.3,MLP_origin_dense_n_60_dense_512_044,linf,40,1,0.9957,0.0
1000,0.15,MLP_origin_dense_n_60_dense_512_044,linf,40,1,0.9957,0.0
1000,1.0,MLP_origin_dense_n_60_dense_512_044,l2,100,1,0.9957,0.1599
1000,2.0,MLP_origin_dense_n_60_dense_512_044,l2,100,1,0.9957,0.0027
1000,0.3,MLP_origin_dense_n_60_dense_512_044,linf,100,1,0.9957,0.0
1000,0.15,MLP_origin_dense_n_60_dense_512_044,linf,100,1,0.9957,0.0
1000,1.0,MLP_origin_dense_n_60_dense_512_044,l2,40,10,0.9957,0.1529
1000,2.0,MLP_origin_dense_n_60_dense_512_044,l2,40,10,0.9957,0.002
1000,0.3,MLP_origin_dense_n_60_dense_512_044,linf,40,10,0.9957,0.0
1000,0.15,MLP_origin_dense_n_60_dense_512_044,linf,40,10,0.9957,0.0
1000,1.0,MLP_origin_dense_n_60_dense_512_044,l2,100,10,0.9957,0.1514
1000,2.0,MLP_origin_dense_n_60_dense_512_044,l2,100,10,0.9957,0.0018
1000,0.3,MLP_origin_dense_n_60_dense_512_044,linf,100,10,0.9957,0.0
1000,0.15,MLP_origin_dense_n_60_dense_512_044,linf,100,10,0.9957,0.0
1000,1.0,MLP_origin_dense_n_70_dense_128_044,l2,40,1,0.9926,0.1131
1000,2.0,MLP_origin_dense_n_70_dense_128_044,l2,40,1,0.9926,0.0007
1000,0.3,MLP_origin_dense_n_70_dense_128_044,linf,40,1,0.9926,0.0
1000,0.15,MLP_origin_dense_n_70_dense_128_044,linf,40,1,0.9926,0.0
1000,1.0,MLP_origin_dense_n_70_dense_128_044,l2,100,1,0.9926,0.1125
1000,2.0,MLP_origin_dense_n_70_dense_128_044,l2,100,1,0.9926,0.0009
1000,0.3,MLP_origin_dense_n_70_dense_128_044,linf,100,1,0.9926,0.0
1000,0.15,MLP_origin_dense_n_70_dense_128_044,linf,100,1,0.9926,0.0
1000,1.0,MLP_origin_dense_n_70_dense_128_044,l2,40,10,0.9926,0.104
1000,2.0,MLP_origin_dense_n_70_dense_128_044,l2,40,10,0.9926,0.0003
1000,0.3,MLP_origin_dense_n_70_dense_128_044,linf,40,10,0.9926,0.0
1000,0.15,MLP_origin_dense_n_70_dense_128_044,linf,40,10,0.9926,0.0
1000,1.0,MLP_origin_dense_n_70_dense_128_044,l2,100,10,0.9926,0.1033
1000,2.0,MLP_origin_dense_n_70_dense_128_044,l2,100,10,0.9926,0.0004
1000,0.3,MLP_origin_dense_n_70_dense_128_044,linf,100,10,0.9926,0.0
1000,0.15,MLP_origin_dense_n_70_dense_128_044,linf,100,10,0.9926,0.0
1000,1.0,MLP_origin_dense_n_70_dense_256_048,l2,40,1,0.9952,0.1402
1000,2.0,MLP_origin_dense_n_70_dense_256_048,l2,40,1,0.9952,0.0016
1000,0.3,MLP_origin_dense_n_70_dense_256_048,linf,40,1,0.9952,0.0
1000,0.15,MLP_origin_dense_n_70_dense_256_048,linf,40,1,0.9952,0.0
1000,1.0,MLP_origin_dense_n_70_dense_256_048,l2,100,1,0.9952,0.1393
1000,2.0,MLP_origin_dense_n_70_dense_256_048,l2,100,1,0.9952,0.0017
1000,0.3,MLP_origin_dense_n_70_dense_256_048,linf,100,1,0.9952,0.0
1000,0.15,MLP_origin_dense_n_70_dense_256_048,linf,100,1,0.9952,0.0
1000,1.0,MLP_origin_dense_n_70_dense_256_048,l2,40,10,0.9952,0.1309
1000,2.0,MLP_origin_dense_n_70_dense_256_048,l2,40,10,0.9952,0.0013
1000,0.3,MLP_origin_dense_n_70_dense_256_048,linf,40,10,0.9952,0.0
1000,0.15,MLP_origin_dense_n_70_dense_256_048,linf,40,10,0.9952,0.0
1000,1.0,MLP_origin_dense_n_70_dense_256_048,l2,100,10,0.9952,0.13
1000,2.0,MLP_origin_dense_n_70_dense_256_048,l2,100,10,0.9952,0.0011
1000,0.3,MLP_origin_dense_n_70_dense_256_048,linf,100,10,0.9952,0.0
1000,0.15,MLP_origin_dense_n_70_dense_256_048,linf,100,10,0.9952,0.0
1000,1.0,MLP_origin_dense_n_70_dense_512_044,l2,40,1,0.9975,0.1633
1000,2.0,MLP_origin_dense_n_70_dense_512_044,l2,40,1,0.9975,0.0023
1000,0.3,MLP_origin_dense_n_70_dense_512_044,linf,40,1,0.9975,0.0
1000,0.15,MLP_origin_dense_n_70_dense_512_044,linf,40,1,0.9975,0.0
1000,1.0,MLP_origin_dense_n_70_dense_512_044,l2,100,1,0.9975,0.1623
1000,2.0,MLP_origin_dense_n_70_dense_512_044,l2,100,1,0.9975,0.0022
1000,0.3,MLP_origin_dense_n_70_dense_512_044,linf,100,1,0.9975,0.0
1000,0.15,MLP_origin_dense_n_70_dense_512_044,linf,100,1,0.9975,0.0
1000,1.0,MLP_origin_dense_n_70_dense_512_044,l2,40,10,0.9975,0.1537
1000,2.0,MLP_origin_dense_n_70_dense_512_044,l2,40,10,0.9975,0.0016
1000,0.3,MLP_origin_dense_n_70_dense_512_044,linf,40,10,0.9975,0.0
1000,0.15,MLP_origin_dense_n_70_dense_512_044,linf,40,10,0.9975,0.0
1000,1.0,MLP_origin_dense_n_70_dense_512_044,l2,100,10,0.9975,0.1525
1000,2.0,MLP_origin_dense_n_70_dense_512_044,l2,100,10,0.9975,0.0017
1000,0.3,MLP_origin_dense_n_70_dense_512_044,linf,100,10,0.9975,0.0
1000,0.15,MLP_origin_dense_n_70_dense_512_044,linf,100,10,0.9975,0.0
1000,1.0,MLP_origin_dense_n_80_dense_128_040,l2,40,1,0.993,0.1359
1000,2.0,MLP_origin_dense_n_80_dense_128_040,l2,40,1,0.993,0.0013
1000,0.3,MLP_origin_dense_n_80_dense_128_040,linf,40,1,0.993,0.0
1000,0.15,MLP_origin_dense_n_80_dense_128_040,linf,40,1,0.993,0.0
1000,1.0,MLP_origin_dense_n_80_dense_128_040,l2,100,1,0.993,0.1358
1000,2.0,MLP_origin_dense_n_80_dense_128_040,l2,100,1,0.993,0.0012
1000,0.3,MLP_origin_dense_n_80_dense_128_040,linf,100,1,0.993,0.0
1000,0.15,MLP_origin_dense_n_80_dense_128_040,linf,100,1,0.993,0.0
1000,1.0,MLP_origin_dense_n_80_dense_128_040,l2,40,10,0.993,0.1275
1000,2.0,MLP_origin_dense_n_80_dense_128_040,l2,40,10,0.993,0.0008
1000,0.3,MLP_origin_dense_n_80_dense_128_040,linf,40,10,0.993,0.0
1000,0.15,MLP_origin_dense_n_80_dense_128_040,linf,40,10,0.993,0.0
1000,1.0,MLP_origin_dense_n_80_dense_128_040,l2,100,10,0.993,0.1272
1000,2.0,MLP_origin_dense_n_80_dense_128_040,l2,100,10,0.993,0.0007
1000,0.3,MLP_origin_dense_n_80_dense_128_040,linf,100,10,0.993,0.0
1000,0.15,MLP_origin_dense_n_80_dense_128_040,linf,100,10,0.993,0.0
1000,1.0,MLP_origin_dense_n_80_dense_256_038,l2,40,1,0.9949,0.1588
1000,2.0,MLP_origin_dense_n_80_dense_256_038,l2,40,1,0.9949,0.0024
1000,0.3,MLP_origin_dense_n_80_dense_256_038,linf,40,1,0.9949,0.0
1000,0.15,MLP_origin_dense_n_80_dense_256_038,linf,40,1,0.9949,0.0
1000,1.0,MLP_origin_dense_n_80_dense_256_038,l2,100,1,0.9949,0.1588
1000,2.0,MLP_origin_dense_n_80_dense_256_038,l2,100,1,0.9949,0.0025
1000,0.3,MLP_origin_dense_n_80_dense_256_038,linf,100,1,0.9949,0.0
1000,0.15,MLP_origin_dense_n_80_dense_256_038,linf,100,1,0.9949,0.0
1000,1.0,MLP_origin_dense_n_80_dense_256_038,l2,40,10,0.9949,0.1509
1000,2.0,MLP_origin_dense_n_80_dense_256_038,l2,40,10,0.9949,0.0013
1000,0.3,MLP_origin_dense_n_80_dense_256_038,linf,40,10,0.9949,0.0
1000,0.15,MLP_origin_dense_n_80_dense_256_038,linf,40,10,0.9949,0.0
1000,1.0,MLP_origin_dense_n_80_dense_256_038,l2,100,10,0.9949,0.1494
1000,2.0,MLP_origin_dense_n_80_dense_256_038,l2,100,10,0.9949,0.0013
1000,0.3,MLP_origin_dense_n_80_dense_256_038,linf,100,10,0.9949,0.0
1000,0.15,MLP_origin_dense_n_80_dense_256_038,linf,100,10,0.9949,0.0
1000,1.0,MLP_origin_dense_n_80_dense_512_038,l2,40,1,0.9974,0.1741
1000,2.0,MLP_origin_dense_n_80_dense_512_038,l2,40,1,0.9974,0.0027
1000,0.3,MLP_origin_dense_n_80_dense_512_038,linf,40,1,0.9974,0.0
1000,0.15,MLP_origin_dense_n_80_dense_512_038,linf,40,1,0.9974,0.0002
1000,1.0,MLP_origin_dense_n_80_dense_512_038,l2,100,1,0.9974,0.1727
1000,2.0,MLP_origin_dense_n_80_dense_512_038,l2,100,1,0.9974,0.003
1000,0.3,MLP_origin_dense_n_80_dense_512_038,linf,100,1,0.9974,0.0
1000,0.15,MLP_origin_dense_n_80_dense_512_038,linf,100,1,0.9974,0.0
1000,1.0,MLP_origin_dense_n_80_dense_512_038,l2,40,10,0.9974,0.1676
1000,2.0,MLP_origin_dense_n_80_dense_512_038,l2,40,10,0.9974,0.0023
1000,0.3,MLP_origin_dense_n_80_dense_512_038,linf,40,10,0.9974,0.0
1000,0.15,MLP_origin_dense_n_80_dense_512_038,linf,40,10,0.9974,0.0
1000,1.0,MLP_origin_dense_n_80_dense_512_038,l2,100,10,0.9974,0.1659
1000,2.0,MLP_origin_dense_n_80_dense_512_038,l2,100,10,0.9974,0.0023
1000,0.3,MLP_origin_dense_n_80_dense_512_038,linf,100,10,0.9974,0.0
1000,0.15,MLP_origin_dense_n_80_dense_512_038,linf,100,10,0.9974,0.0
1000,1.0,MLP_origin_dense_n_90_dense_128_048,l2,40,1,0.9955,0.1138
1000,2.0,MLP_origin_dense_n_90_dense_128_048,l2,40,1,0.9955,0.0008
1000,0.3,MLP_origin_dense_n_90_dense_128_048,linf,40,1,0.9955,0.0
1000,0.15,MLP_origin_dense_n_90_dense_128_048,linf,40,1,0.9955,0.0
1000,1.0,MLP_origin_dense_n_90_dense_128_048,l2,100,1,0.9955,0.1125
1000,2.0,MLP_origin_dense_n_90_dense_128_048,l2,100,1,0.9955,0.0004
1000,0.3,MLP_origin_dense_n_90_dense_128_048,linf,100,1,0.9955,0.0
1000,0.15,MLP_origin_dense_n_90_dense_128_048,linf,100,1,0.9955,0.0
1000,1.0,MLP_origin_dense_n_90_dense_128_048,l2,40,10,0.9955,0.1052
1000,2.0,MLP_origin_dense_n_90_dense_128_048,l2,40,10,0.9955,0.0
1000,0.3,MLP_origin_dense_n_90_dense_128_048,linf,40,10,0.9955,0.0
1000,0.15,MLP_origin_dense_n_90_dense_128_048,linf,40,10,0.9955,0.0
1000,1.0,MLP_origin_dense_n_90_dense_128_048,l2,100,10,0.9955,0.1039
1000,2.0,MLP_origin_dense_n_90_dense_128_048,l2,100,10,0.9955,0.0
1000,0.3,MLP_origin_dense_n_90_dense_128_048,linf,100,10,0.9955,0.0
1000,0.15,MLP_origin_dense_n_90_dense_128_048,linf,100,10,0.9955,0.0
1000,1.0,MLP_origin_dense_n_90_dense_256_033,l2,40,1,0.9934,0.1921
1000,2.0,MLP_origin_dense_n_90_dense_256_033,l2,40,1,0.9934,0.0031
1000,0.3,MLP_origin_dense_n_90_dense_256_033,linf,40,1,0.9934,0.0
1000,0.15,MLP_origin_dense_n_90_dense_256_033,linf,40,1,0.9934,0.0
1000,1.0,MLP_origin_dense_n_90_dense_256_033,l2,100,1,0.9934,0.1921
1000,2.0,MLP_origin_dense_n_90_dense_256_033,l2,100,1,0.9934,0.0029
1000,0.3,MLP_origin_dense_n_90_dense_256_033,linf,100,1,0.9934,0.0
1000,0.15,MLP_origin_dense_n_90_dense_256_033,linf,100,1,0.9934,0.0001
1000,1.0,MLP_origin_dense_n_90_dense_256_033,l2,40,10,0.9934,0.1843
1000,2.0,MLP_origin_dense_n_90_dense_256_033,l2,40,10,0.9934,0.0022
1000,0.3,MLP_origin_dense_n_90_dense_256_033,linf,40,10,0.9934,0.0
1000,0.15,MLP_origin_dense_n_90_dense_256_033,linf,40,10,0.9934,0.0
1000,1.0,MLP_origin_dense_n_90_dense_256_033,l2,100,10,0.9934,0.1821
1000,2.0,MLP_origin_dense_n_90_dense_256_033,l2,100,10,0.9934,0.0022
1000,0.3,MLP_origin_dense_n_90_dense_256_033,linf,100,10,0.9934,0.0
1000,0.15,MLP_origin_dense_n_90_dense_256_033,linf,100,10,0.9934,0.0
1000,1.0,MLP_origin_dense_n_90_dense_512_044,l2,40,1,0.9993,0.1661
1000,2.0,MLP_origin_dense_n_90_dense_512_044,l2,40,1,0.9993,0.0024
1000,0.3,MLP_origin_dense_n_90_dense_512_044,linf,40,1,0.9993,0.0
1000,0.15,MLP_origin_dense_n_90_dense_512_044,linf,40,1,0.9993,0.0
1000,1.0,MLP_origin_dense_n_90_dense_512_044,l2,100,1,0.9993,0.1647
1000,2.0,MLP_origin_dense_n_90_dense_512_044,l2,100,1,0.9993,0.003
1000,0.3,MLP_origin_dense_n_90_dense_512_044,linf,100,1,0.9993,0.0
1000,0.15,MLP_origin_dense_n_90_dense_512_044,linf,100,1,0.9993,0.0
1000,1.0,MLP_origin_dense_n_90_dense_512_044,l2,40,10,0.9993,0.1589
1000,2.0,MLP_origin_dense_n_90_dense_512_044,l2,40,10,0.9993,0.0013
1000,0.3,MLP_origin_dense_n_90_dense_512_044,linf,40,10,0.9993,0.0
1000,0.15,MLP_origin_dense_n_90_dense_512_044,linf,40,10,0.9993,0.0
1000,1.0,MLP_origin_dense_n_90_dense_512_044,l2,100,10,0.9993,0.1581
1000,2.0,MLP_origin_dense_n_90_dense_512_044,l2,100,10,0.9993,0.0014
1000,0.3,MLP_origin_dense_n_90_dense_512_044,linf,100,10,0.9993,0.0
1000,0.15,MLP_origin_dense_n_90_dense_512_044,linf,100,10,0.9993,0.0
1000,1.0,MLP_svd_comps_100_dense_128_045,l2,40,1,0.9897,0.6733
1000,2.0,MLP_svd_comps_100_dense_128_045,l2,40,1,0.9897,0.0862
1000,0.3,MLP_svd_comps_100_dense_128_045,linf,40,1,0.9897,0.0
1000,0.15,MLP_svd_comps_100_dense_128_045,linf,40,1,0.9897,0.0712
1000,1.0,MLP_svd_comps_100_dense_128_045,l2,100,1,0.9897,0.6712
1000,2.0,MLP_svd_comps_100_dense_128_045,l2,100,1,0.9897,0.0859
1000,0.3,MLP_svd_comps_100_dense_128_045,linf,100,1,0.9897,0.0
1000,0.15,MLP_svd_comps_100_dense_128_045,linf,100,1,0.9897,0.0707
1000,1.0,MLP_svd_comps_100_dense_128_045,l2,40,10,0.9897,0.6651
1000,2.0,MLP_svd_comps_100_dense_128_045,l2,40,10,0.9897,0.0772
1000,0.3,MLP_svd_comps_100_dense_128_045,linf,40,10,0.9897,0.0
1000,0.15,MLP_svd_comps_100_dense_128_045,linf,40,10,0.9897,0.0629
1000,1.0,MLP_svd_comps_100_dense_128_045,l2,100,10,0.9897,0.6641
1000,2.0,MLP_svd_comps_100_dense_128_045,l2,100,10,0.9897,0.0766
1000,0.3,MLP_svd_comps_100_dense_128_045,linf,100,10,0.9897,0.0
1000,0.15,MLP_svd_comps_100_dense_128_045,linf,100,10,0.9897,0.0628
1000,1.0,MLP_svd_comps_100_dense_256_045,l2,40,1,0.9968,0.7199
1000,2.0,MLP_svd_comps_100_dense_256_045,l2,40,1,0.9968,0.1091
1000,0.3,MLP_svd_comps_100_dense_256_045,linf,40,1,0.9968,0.0
1000,0.15,MLP_svd_comps_100_dense_256_045,linf,40,1,0.9968,0.0984
1000,1.0,MLP_svd_comps_100_dense_256_045,l2,100,1,0.9968,0.719
1000,2.0,MLP_svd_comps_100_dense_256_045,l2,100,1,0.9968,0.1071
1000,0.3,MLP_svd_comps_100_dense_256_045,linf,100,1,0.9968,0.0001
1000,0.15,MLP_svd_comps_100_dense_256_045,linf,100,1,0.9968,0.0981
1000,1.0,MLP_svd_comps_100_dense_256_045,l2,40,10,0.9968,0.7122
1000,2.0,MLP_svd_comps_100_dense_256_045,l2,40,10,0.9968,0.1008
1000,0.3,MLP_svd_comps_100_dense_256_045,linf,40,10,0.9968,0.0
1000,0.15,MLP_svd_comps_100_dense_256_045,linf,40,10,0.9968,0.0915
1000,1.0,MLP_svd_comps_100_dense_256_045,l2,100,10,0.9968,0.7112
1000,2.0,MLP_svd_comps_100_dense_256_045,l2,100,10,0.9968,0.0999
1000,0.3,MLP_svd_comps_100_dense_256_045,linf,100,10,0.9968,0.0
1000,0.15,MLP_svd_comps_100_dense_256_045,linf,100,10,0.9968,0.0915
1000,1.0,MLP_svd_comps_100_dense_512_045,l2,40,1,0.9995,0.7213
1000,2.0,MLP_svd_comps_100_dense_512_045,l2,40,1,0.9995,0.1151
1000,0.3,MLP_svd_comps_100_dense_512_045,linf,40,1,0.9995,0.0
1000,0.15,MLP_svd_comps_100_dense_512_045,linf,40,1,0.9995,0.1001
1000,1.0,MLP_svd_comps_100_dense_512_045,l2,100,1,0.9995,0.7199
1000,2.0,MLP_svd_comps_100_dense_512_045,l2,100,1,0.9995,0.113
1000,0.3,MLP_svd_comps_100_dense_512_045,linf,100,1,0.9995,0.0
1000,0.15,MLP_svd_comps_100_dense_512_045,linf,100,1,0.9995,0.0996
1000,1.0,MLP_svd_comps_100_dense_512_045,l2,40,10,0.9995,0.7166
1000,2.0,MLP_svd_comps_100_dense_512_045,l2,40,10,0.9995,0.107
1000,0.3,MLP_svd_comps_100_dense_512_045,linf,40,10,0.9995,0.0
1000,0.15,MLP_svd_comps_100_dense_512_045,linf,40,10,0.9995,0.093
1000,1.0,MLP_svd_comps_100_dense_512_045,l2,100,10,0.9995,0.7157
1000,2.0,MLP_svd_comps_100_dense_512_045,l2,100,10,0.9995,0.106
1000,0.3,MLP_svd_comps_100_dense_512_045,linf,100,10,0.9995,0.0
1000,0.15,MLP_svd_comps_100_dense_512_045,linf,100,10,0.9995,0.0931
1000,1.0,MLP_svd_comps_10_dense_128_048,l2,40,1,0.9193,0.5792
1000,2.0,MLP_svd_comps_10_dense_128_048,l2,40,1,0.9193,0.1564
1000,0.3,MLP_svd_comps_10_dense_128_048,linf,40,1,0.9193,0.0005
1000,0.15,MLP_svd_comps_10_dense_128_048,linf,40,1,0.9193,0.168
1000,1.0,MLP_svd_comps_10_dense_128_048,l2,100,1,0.9193,0.5779
1000,2.0,MLP_svd_comps_10_dense_128_048,l2,100,1,0.9193,0.154
1000,0.3,MLP_svd_comps_10_dense_128_048,linf,100,1,0.9193,0.0005
1000,0.15,MLP_svd_comps_10_dense_128_048,linf,100,1,0.9193,0.1689
1000,1.0,MLP_svd_comps_10_dense_128_048,l2,40,10,0.9193,0.5727
1000,2.0,MLP_svd_comps_10_dense_128_048,l2,40,10,0.9193,0.1487
1000,0.3,MLP_svd_comps_10_dense_128_048,linf,40,10,0.9193,0.0002
1000,0.15,MLP_svd_comps_10_dense_128_048,linf,40,10,0.9193,0.1623
1000,1.0,MLP_svd_comps_10_dense_128_048,l2,100,10,0.9193,0.5721
1000,2.0,MLP_svd_comps_10_dense_128_048,l2,100,10,0.9193,0.1477
1000,0.3,MLP_svd_comps_10_dense_128_048,linf,100,10,0.9193,0.0001
1000,0.15,MLP_svd_comps_10_dense_128_048,linf,100,10,0.9193,0.1618
1000,1.0,MLP_svd_comps_10_dense_256_049,l2,40,1,0.9279,0.5797
1000,2.0,MLP_svd_comps_10_dense_256_049,l2,40,1,0.9279,0.147
1000,0.3,MLP_svd_comps_10_dense_256_049,linf,40,1,0.9279,0.0013
1000,0.15,MLP_svd_comps_10_dense_256_049,linf,40,1,0.9279,0.1599
1000,1.0,MLP_svd_comps_10_dense_256_049,l2,100,1,0.9279,0.578
1000,2.0,MLP_svd_comps_10_dense_256_049,l2,100,1,0.9279,0.1457
1000,0.3,MLP_svd_comps_10_dense_256_049,linf,100,1,0.9279,0.0012
1000,0.15,MLP_svd_comps_10_dense_256_049,linf,100,1,0.9279,0.1593
1000,1.0,MLP_svd_comps_10_dense_256_049,l2,40,10,0.9279,0.5754
1000,2.0,MLP_svd_comps_10_dense_256_049,l2,40,10,0.9279,0.1384
1000,0.3,MLP_svd_comps_10_dense_256_049,linf,40,10,0.9279,0.0007
1000,0.15,MLP_svd_comps_10_dense_256_049,linf,40,10,0.9279,0.1533
1000,1.0,MLP_svd_comps_10_dense_256_049,l2,100,10,0.9279,0.5742
1000,2.0,MLP_svd_comps_10_dense_256_049,l2,100,10,0.9279,0.1374
1000,0.3,MLP_svd_comps_10_dense_256_049,linf,100,10,0.9279,0.0007
1000,0.15,MLP_svd_comps_10_dense_256_049,linf,100,10,0.9279,0.1529
1000,1.0,MLP_svd_comps_10_dense_512_031,l2,40,1,0.929,0.583
1000,2.0,MLP_svd_comps_10_dense_512_031,l2,40,1,0.929,0.1562
1000,0.3,MLP_svd_comps_10_dense_512_031,linf,40,1,0.929,0.0016
1000,0.15,MLP_svd_comps_10_dense_512_031,linf,40,1,0.929,0.1679
1000,1.0,MLP_svd_comps_10_dense_512_031,l2,100,1,0.929,0.5822
1000,2.0,MLP_svd_comps_10_dense_512_031,l2,100,1,0.929,0.1551
1000,0.3,MLP_svd_comps_10_dense_512_031,linf,100,1,0.929,0.0014
1000,0.15,MLP_svd_comps_10_dense_512_031,linf,100,1,0.929,0.1684
1000,1.0,MLP_svd_comps_10_dense_512_031,l2,40,10,0.929,0.5794
1000,2.0,MLP_svd_comps_10_dense_512_031,l2,40,10,0.929,0.1492
1000,0.3,MLP_svd_comps_10_dense_512_031,linf,40,10,0.929,0.0008
1000,0.15,MLP_svd_comps_10_dense_512_031,linf,40,10,0.929,0.1631
1000,1.0,MLP_svd_comps_10_dense_512_031,l2,100,10,0.929,0.5783
1000,2.0,MLP_svd_comps_10_dense_512_031,l2,100,10,0.929,0.1481
1000,0.3,MLP_svd_comps_10_dense_512_031,linf,100,10,0.929,0.0007
1000,0.15,MLP_svd_comps_10_dense_512_031,linf,100,10,0.929,0.1622
1000,1.0,MLP_svd_comps_20_dense_128_043,l2,40,1,0.9699,0.7498
1000,2.0,MLP_svd_comps_20_dense_128_043,l2,40,1,0.9699,0.2008
1000,0.3,MLP_svd_comps_20_dense_128_043,linf,40,1,0.9699,0.0003
1000,0.15,MLP_svd_comps_20_dense_128_043,linf,40,1,0.9699,0.2306
1000,1.0,MLP_svd_comps_20_dense_128_043,l2,100,1,0.9699,0.7482
1000,2.0,MLP_svd_comps_20_dense_128_043,l2,100,1,0.9699,0.1981
1000,0.3,MLP_svd_comps_20_dense_128_043,linf,100,1,0.9699,0.0003
1000,0.15,MLP_svd_comps_20_dense_128_043,linf,100,1,0.9699,0.2304
1000,1.0,MLP_svd_comps_20_dense_128_043,l2,40,10,0.9699,0.7454
1000,2.0,MLP_svd_comps_20_dense_128_043,l2,40,10,0.9699,0.1871
1000,0.3,MLP_svd_comps_20_dense_128_043,linf,40,10,0.9699,0.0
1000,0.15,MLP_svd_comps_20_dense_128_043,linf,40,10,0.9699,0.219
1000,1.0,MLP_svd_comps_20_dense_128_043,l2,100,10,0.9699,0.7441
1000,2.0,MLP_svd_comps_20_dense_128_043,l2,100,10,0.9699,0.1852
1000,0.3,MLP_svd_comps_20_dense_128_043,linf,100,10,0.9699,0.0
1000,0.15,MLP_svd_comps_20_dense_128_043,linf,100,10,0.9699,0.219
1000,1.0,MLP_svd_comps_20_dense_256_045,l2,40,1,0.9785,0.7507
1000,2.0,MLP_svd_comps_20_dense_256_045,l2,40,1,0.9785,0.2043
1000,0.3,MLP_svd_comps_20_dense_256_045,linf,40,1,0.9785,0.001
1000,0.15,MLP_svd_comps_20_dense_256_045,linf,40,1,0.9785,0.2344
1000,1.0,MLP_svd_comps_20_dense_256_045,l2,100,1,0.9785,0.7494
1000,2.0,MLP_svd_comps_20_dense_256_045,l2,100,1,0.9785,0.2031
1000,0.3,MLP_svd_comps_20_dense_256_045,linf,100,1,0.9785,0.0009
1000,0.15,MLP_svd_comps_20_dense_256_045,linf,100,1,0.9785,0.2327
1000,1.0,MLP_svd_comps_20_dense_256_045,l2,40,10,0.9785,0.7461
1000,2.0,MLP_svd_comps_20_dense_256_045,l2,40,10,0.9785,0.1929
1000,0.3,MLP_svd_comps_20_dense_256_045,linf,40,10,0.9785,0.0004
1000,0.15,MLP_svd_comps_20_dense_256_045,linf,40,10,0.9785,0.2227
1000,1.0,MLP_svd_comps_20_dense_256_045,l2,100,10,0.9785,0.7454
1000,2.0,MLP_svd_comps_20_dense_256_045,l2,100,10,0.9785,0.1915
1000,0.3,MLP_svd_comps_20_dense_256_045,linf,100,10,0.9785,0.0004
1000,0.15,MLP_svd_comps_20_dense_256_045,linf,100,10,0.9785,0.2228
1000,1.0,MLP_svd_comps_20_dense_512_036,l2,40,1,0.9814,0.7614
1000,2.0,MLP_svd_comps_20_dense_512_036,l2,40,1,0.9814,0.2022
1000,0.3,MLP_svd_comps_20_dense_512_036,linf,40,1,0.9814,0.0002
1000,0.15,MLP_svd_comps_20_dense_512_036,linf,40,1,0.9814,0.239
1000,1.0,MLP_svd_comps_20_dense_512_036,l2,100,1,0.9814,0.7607
1000,2.0,MLP_svd_comps_20_dense_512_036,l2,100,1,0.9814,0.2011
1000,0.3,MLP_svd_comps_20_dense_512_036,linf,100,1,0.9814,0.0002
1000,0.15,MLP_svd_comps_20_dense_512_036,linf,100,1,0.9814,0.2393
1000,1.0,MLP_svd_comps_20_dense_512_036,l2,40,10,0.9814,0.7585
1000,2.0,MLP_svd_comps_20_dense_512_036,l2,40,10,0.9814,0.191
1000,0.3,MLP_svd_comps_20_dense_512_036,linf,40,10,0.9814,0.0002
1000,0.15,MLP_svd_comps_20_dense_512_036,linf,40,10,0.9814,0.2297
1000,1.0,MLP_svd_comps_20_dense_512_036,l2,100,10,0.9814,0.7577
1000,2.0,MLP_svd_comps_20_dense_512_036,l2,100,10,0.9814,0.1891
1000,0.3,MLP_svd_comps_20_dense_512_036,linf,100,10,0.9814,0.0002
1000,0.15,MLP_svd_comps_20_dense_512_036,linf,100,10,0.9814,0.2291
1000,1.0,MLP_svd_comps_30_dense_128_045,l2,40,1,0.9795,0.7618
1000,2.0,MLP_svd_comps_30_dense_128_045,l2,40,1,0.9795,0.1945
1000,0.3,MLP_svd_comps_30_dense_128_045,linf,40,1,0.9795,0.0003
1000,0.15,MLP_svd_comps_30_dense_128_045,linf,40,1,0.9795,0.2186
1000,1.0,MLP_svd_comps_30_dense_128_045,l2,100,1,0.9795,0.7613
1000,2.0,MLP_svd_comps_30_dense_128_045,l2,100,1,0.9795,0.195
1000,0.3,MLP_svd_comps_30_dense_128_045,linf,100,1,0.9795,0.0004
1000,0.15,MLP_svd_comps_30_dense_128_045,linf,100,1,0.9795,0.2187
1000,1.0,MLP_svd_comps_30_dense_128_045,l2,40,10,0.9795,0.7574
1000,2.0,MLP_svd_comps_30_dense_128_045,l2,40,10,0.9795,0.1826
1000,0.3,MLP_svd_comps_30_dense_128_045,linf,40,10,0.9795,0.0001
1000,0.15,MLP_svd_comps_30_dense_128_045,linf,40,10,0.9795,0.2059
1000,1.0,MLP_svd_comps_30_dense_128_045,l2,100,10,0.9795,0.7567
1000,2.0,MLP_svd_comps_30_dense_128_045,l2,100,10,0.9795,0.1819
1000,0.3,MLP_svd_comps_30_dense_128_045,linf,100,10,0.9795,0.0001
1000,0.15,MLP_svd_comps_30_dense_128_045,linf,100,10,0.9795,0.2058
1000,1.0,MLP_svd_comps_30_dense_256_044,l2,40,1,0.9847,0.7756
1000,2.0,MLP_svd_comps_30_dense_256_044,l2,40,1,0.9847,0.1965
1000,0.3,MLP_svd_comps_30_dense_256_044,linf,40,1,0.9847,0.0008
1000,0.15,MLP_svd_comps_30_dense_256_044,linf,40,1,0.9847,0.2305
1000,1.0,MLP_svd_comps_30_dense_256_044,l2,100,1,0.9847,0.7756
1000,2.0,MLP_svd_comps_30_dense_256_044,l2,100,1,0.9847,0.1932
1000,0.3,MLP_svd_comps_30_dense_256_044,linf,100,1,0.9847,0.0007
1000,0.15,MLP_svd_comps_30_dense_256_044,linf,100,1,0.9847,0.2299
1000,1.0,MLP_svd_comps_30_dense_256_044,l2,40,10,0.9847,0.7718
1000,2.0,MLP_svd_comps_30_dense_256_044,l2,40,10,0.9847,0.1837
1000,0.3,MLP_svd_comps_30_dense_256_044,linf,40,10,0.9847,0.0004
1000,0.15,MLP_svd_comps_30_dense_256_044,linf,40,10,0.9847,0.2196
1000,1.0,MLP_svd_comps_30_dense_256_044,l2,100,10,0.9847,0.7708
1000,2.0,MLP_svd_comps_30_dense_256_044,l2,100,10,0.9847,0.1827
1000,0.3,MLP_svd_comps_30_dense_256_044,linf,100,10,0.9847,0.0004
1000,0.15,MLP_svd_comps_30_dense_256_044,linf,100,10,0.9847,0.2187
1000,1.0,MLP_svd_comps_30_dense_512_034,l2,40,1,0.9871,0.7936
1000,2.0,MLP_svd_comps_30_dense_512_034,l2,40,1,0.9871,0.2082
1000,0.3,MLP_svd_comps_30_dense_512_034,linf,40,1,0.9871,0.0008
1000,0.15,MLP_svd_comps_30_dense_512_034,linf,40,1,0.9871,0.2359
1000,1.0,MLP_svd_comps_30_dense_512_034,l2,100,1,0.9871,0.7936
1000,2.0,MLP_svd_comps_30_dense_512_034,l2,100,1,0.9871,0.2063
1000,0.3,MLP_svd_comps_30_dense_512_034,linf,100,1,0.9871,0.0008
1000,0.15,MLP_svd_comps_30_dense_512_034,linf,100,1,0.9871,0.2363
1000,1.0,MLP_svd_comps_30_dense_512_034,l2,40,10,0.9871,0.7908
1000,2.0,MLP_svd_comps_30_dense_512_034,l2,40,10,0.9871,0.1964
1000,0.3,MLP_svd_comps_30_dense_512_034,linf,40,10,0.9871,0.0004
1000,0.15,MLP_svd_comps_30_dense_512_034,linf,40,10,0.9871,0.227
1000,1.0,MLP_svd_comps_30_dense_512_034,l2,100,10,0.9871,0.7908
1000,2.0,MLP_svd_comps_30_dense_512_034,l2,100,10,0.9871,0.196
1000,0.3,MLP_svd_comps_30_dense_512_034,linf,100,10,0.9871,0.0003
1000,0.15,MLP_svd_comps_30_dense_512_034,linf,100,10,0.9871,0.2272
1000,1.0,MLP_svd_comps_40_dense_128_047,l2,40,1,0.9831,0.7553
1000,2.0,MLP_svd_comps_40_dense_128_047,l2,40,1,0.9831,0.1812
1000,0.3,MLP_svd_comps_40_dense_128_047,linf,40,1,0.9831,0.0002
1000,0.15,MLP_svd_comps_40_dense_128_047,linf,40,1,0.9831,0.1922
1000,1.0,MLP_svd_comps_40_dense_128_047,l2,100,1,0.9831,0.7551
1000,2.0,MLP_svd_comps_40_dense_128_047,l2,100,1,0.9831,0.18
1000,0.3,MLP_svd_comps_40_dense_128_047,linf,100,1,0.9831,0.0003
1000,0.15,MLP_svd_comps_40_dense_128_047,linf,100,1,0.9831,0.1926
1000,1.0,MLP_svd_comps_40_dense_128_047,l2,40,10,0.9831,0.7502
1000,2.0,MLP_svd_comps_40_dense_128_047,l2,40,10,0.9831,0.1705
1000,0.3,MLP_svd_comps_40_dense_128_047,linf,40,10,0.9831,0.0001
1000,0.15,MLP_svd_comps_40_dense_128_047,linf,40,10,0.9831,0.181
1000,1.0,MLP_svd_comps_40_dense_128_047,l2,100,10,0.9831,0.7496
1000,2.0,MLP_svd_comps_40_dense_128_047,l2,100,10,0.9831,0.1691
1000,0.3,MLP_svd_comps_40_dense_128_047,linf,100,10,0.9831,0.0001
1000,0.15,MLP_svd_comps_40_dense_128_047,linf,100,10,0.9831,0.1802
1000,1.0,MLP_svd_comps_40_dense_256_034,l2,40,1,0.9867,0.7852
1000,2.0,MLP_svd_comps_40_dense_256_034,l2,40,1,0.9867,0.1912
1000,0.3,MLP_svd_comps_40_dense_256_034,linf,40,1,0.9867,0.0008
1000,0.15,MLP_svd_comps_40_dense_256_034,linf,40,1,0.9867,0.211
1000,1.0,MLP_svd_comps_40_dense_256_034,l2,100,1,0.9867,0.7841
1000,2.0,MLP_svd_comps_40_dense_256_034,l2,100,1,0.9867,0.1901
1000,0.3,MLP_svd_comps_40_dense_256_034,linf,100,1,0.9867,0.0006
1000,0.15,MLP_svd_comps_40_dense_256_034,linf,100,1,0.9867,0.2112
1000,1.0,MLP_svd_comps_40_dense_256_034,l2,40,10,0.9867,0.7813
1000,2.0,MLP_svd_comps_40_dense_256_034,l2,40,10,0.9867,0.1803
1000,0.3,MLP_svd_comps_40_dense_256_034,linf,40,10,0.9867,0.0004
1000,0.15,MLP_svd_comps_40_dense_256_034,linf,40,10,0.9867,0.2003
1000,1.0,MLP_svd_comps_40_dense_256_034,l2,100,10,0.9867,0.7798
1000,2.0,MLP_svd_comps_40_dense_256_034,l2,100,10,0.9867,0.1781
1000,0.3,MLP_svd_comps_40_dense_256_034,linf,100,10,0.9867,0.0004
1000,0.15,MLP_svd_comps_40_dense_256_034,linf,100,10,0.9867,0.2002
1000,1.0,MLP_svd_comps_40_dense_512_044,l2,40,1,0.9941,0.7926
1000,2.0,MLP_svd_comps_40_dense_512_044,l2,40,1,0.9941,0.1934
1000,0.3,MLP_svd_comps_40_dense_512_044,linf,40,1,0.9941,0.0004
1000,0.15,MLP_svd_comps_40_dense_512_044,linf,40,1,0.9941,0.2122
1000,1.0,MLP_svd_comps_40_dense_512_044,l2,100,1,0.9941,0.7922
1000,2.0,MLP_svd_comps_40_dense_512_044,l2,100,1,0.9941,0.1917
1000,0.3,MLP_svd_comps_40_dense_512_044,linf,100,1,0.9941,0.0003
1000,0.15,MLP_svd_comps_40_dense_512_044,linf,100,1,0.9941,0.2118
1000,1.0,MLP_svd_comps_40_dense_512_044,l2,40,10,0.9941,0.7887
1000,2.0,MLP_svd_comps_40_dense_512_044,l2,40,10,0.9941,0.1832
1000,0.3,MLP_svd_comps_40_dense_512_044,linf,40,10,0.9941,0.0001
1000,0.15,MLP_svd_comps_40_dense_512_044,linf,40,10,0.9941,0.2037
1000,1.0,MLP_svd_comps_40_dense_512_044,l2,100,10,0.9941,0.7882
1000,2.0,MLP_svd_comps_40_dense_512_044,l2,100,10,0.9941,0.1828
1000,0.3,MLP_svd_comps_40_dense_512_044,linf,100,10,0.9941,0.0001
1000,0.15,MLP_svd_comps_40_dense_512_044,linf,100,10,0.9941,0.2032
1000,1.0,MLP_svd_comps_50_dense_128_049,l2,40,1,0.9837,0.7622
1000,2.0,MLP_svd_comps_50_dense_128_049,l2,40,1,0.9837,0.1596
1000,0.3,MLP_svd_comps_50_dense_128_049,linf,40,1,0.9837,0.0002
1000,0.15,MLP_svd_comps_50_dense_128_049,linf,40,1,0.9837,0.1613
1000,1.0,MLP_svd_comps_50_dense_128_049,l2,100,1,0.9837,0.7612
1000,2.0,MLP_svd_comps_50_dense_128_049,l2,100,1,0.9837,0.1583
1000,0.3,MLP_svd_comps_50_dense_128_049,linf,100,1,0.9837,0.0001
1000,0.15,MLP_svd_comps_50_dense_128_049,linf,100,1,0.9837,0.1595
1000,1.0,MLP_svd_comps_50_dense_128_049,l2,40,10,0.9837,0.7552
1000,2.0,MLP_svd_comps_50_dense_128_049,l2,40,10,0.9837,0.1485
1000,0.3,MLP_svd_comps_50_dense_128_049,linf,40,10,0.9837,0.0
1000,0.15,MLP_svd_comps_50_dense_128_049,linf,40,10,0.9837,0.1484
1000,1.0,MLP_svd_comps_50_dense_128_049,l2,100,10,0.9837,0.7539
1000,2.0,MLP_svd_comps_50_dense_128_049,l2,100,10,0.9837,0.1479
1000,0.3,MLP_svd_comps_50_dense_128_049,linf,100,10,0.9837,0.0
1000,0.15,MLP_svd_comps_50_dense_128_049,linf,100,10,0.9837,0.1472
1000,1.0,MLP_svd_comps_50_dense_256_044,l2,40,1,0.9918,0.7781
1000,2.0,MLP_svd_comps_50_dense_256_044,l2,40,1,0.9918,0.1751
1000,0.3,MLP_svd_comps_50_dense_256_044,linf,40,1,0.9918,0.0007
1000,0.15,MLP_svd_comps_50_dense_256_044,linf,40,1,0.9918,0.1811
1000,1.0,MLP_svd_comps_50_dense_256_044,l2,100,1,0.9918,0.7771
1000,2.0,MLP_svd_comps_50_dense_256_044,l2,100,1,0.9918,0.1731
1000,0.3,MLP_svd_comps_50_dense_256_044,linf,100,1,0.9918,0.0006
1000,0.15,MLP_svd_comps_50_dense_256_044,linf,100,1,0.9918,0.1797
1000,1.0,MLP_svd_comps_50_dense_256_044,l2,40,10,0.9918,0.7736
1000,2.0,MLP_svd_comps_50_dense_256_044,l2,40,10,0.9918,0.1648
1000,0.3,MLP_svd_comps_50_dense_256_044,linf,40,10,0.9918,0.0006
1000,0.15,MLP_svd_comps_50_dense_256_044,linf,40,10,0.9918,0.1705
1000,1.0,MLP_svd_comps_50_dense_256_044,l2,100,10,0.9918,0.7729
1000,2.0,MLP_svd_comps_50_dense_256_044,l2,100,10,0.9918,0.1638
1000,0.3,MLP_svd_comps_50_dense_256_044,linf,100,10,0.9918,0.0005
1000,0.15,MLP_svd_comps_50_dense_256_044,linf,100,10,0.9918,0.1698
1000,1.0,MLP_svd_comps_50_dense_512_046,l2,40,1,0.9973,0.7915
1000,2.0,MLP_svd_comps_50_dense_512_046,l2,40,1,0.9973,0.1773
1000,0.3,MLP_svd_comps_50_dense_512_046,linf,40,1,0.9973,0.0003
1000,0.15,MLP_svd_comps_50_dense_512_046,linf,40,1,0.9973,0.1823
1000,1.0,MLP_svd_comps_50_dense_512_046,l2,100,1,0.9973,0.792
1000,2.0,MLP_svd_comps_50_dense_512_046,l2,100,1,0.9973,0.1756
1000,0.3,MLP_svd_comps_50_dense_512_046,linf,100,1,0.9973,0.0003
1000,0.15,MLP_svd_comps_50_dense_512_046,linf,100,1,0.9973,0.1834
1000,1.0,MLP_svd_comps_50_dense_512_046,l2,40,10,0.9973,0.7872
1000,2.0,MLP_svd_comps_50_dense_512_046,l2,40,10,0.9973,0.1671
1000,0.3,MLP_svd_comps_50_dense_512_046,linf,40,10,0.9973,0.0
1000,0.15,MLP_svd_comps_50_dense_512_046,linf,40,10,0.9973,0.1743
1000,1.0,MLP_svd_comps_50_dense_512_046,l2,100,10,0.9973,0.7867
1000,2.0,MLP_svd_comps_50_dense_512_046,l2,100,10,0.9973,0.1661
1000,0.3,MLP_svd_comps_50_dense_512_046,linf,100,10,0.9973,0.0
1000,0.15,MLP_svd_comps_50_dense_512_046,linf,100,10,0.9973,0.1742
1000,1.0,MLP_svd_comps_60_dense_128_049,l2,40,1,0.987,0.7398
1000,2.0,MLP_svd_comps_60_dense_128_049,l2,40,1,0.987,0.1318
1000,0.3,MLP_svd_comps_60_dense_128_049,linf,40,1,0.987,0.0
1000,0.15,MLP_svd_comps_60_dense_128_049,linf,40,1,0.987,0.1206
1000,1.0,MLP_svd_comps_60_dense_128_049,l2,100,1,0.987,0.7384
1000,2.0,MLP_svd_comps_60_dense_128_049,l2,100,1,0.987,0.1303
1000,0.3,MLP_svd_comps_60_dense_128_049,linf,100,1,0.987,0.0
1000,0.15,MLP_svd_comps_60_dense_128_049,linf,100,1,0.987,0.1209
1000,1.0,MLP_svd_comps_60_dense_128_049,l2,40,10,0.987,0.734
1000,2.0,MLP_svd_comps_60_dense_128_049,l2,40,10,0.987,0.1209
1000,0.3,MLP_svd_comps_60_dense_128_049,linf,40,10,0.987,0.0
1000,0.15,MLP_svd_comps_60_dense_128_049,linf,40,10,0.987,0.1114
1000,1.0,MLP_svd_comps_60_dense_128_049,l2,100,10,0.987,0.7323
1000,2.0,MLP_svd_comps_60_dense_128_049,l2,100,10,0.987,0.1196
1000,0.3,MLP_svd_comps_60_dense_128_049,linf,100,10,0.987,0.0
1000,0.15,MLP_svd_comps_60_dense_128_049,linf,100,10,0.987,0.1117
1000,1.0,MLP_svd_comps_60_dense_256_039,l2,40,1,0.9915,0.768
1000,2.0,MLP_svd_comps_60_dense_256_039,l2,40,1,0.9915,0.1515
1000,0.3,MLP_svd_comps_60_dense_256_039,linf,40,1,0.9915,0.0
1000,0.15,MLP_svd_comps_60_dense_256_039,linf,40,1,0.9915,0.1428
1000,1.0,MLP_svd_comps_60_dense_256_039,l2,100,1,0.9915,0.7681
1000,2.0,MLP_svd_comps_60_dense_256_039,l2,100,1,0.9915,0.15
1000,0.3,MLP_svd_comps_60_dense_256_039,linf,100,1,0.9915,0.0
1000,0.15,MLP_svd_comps_60_dense_256_039,linf,100,1,0.9915,0.1426
1000,1.0,MLP_svd_comps_60_dense_256_039,l2,40,10,0.9915,0.7632
1000,2.0,MLP_svd_comps_60_dense_256_039,l2,40,10,0.9915,0.1419
1000,0.3,MLP_svd_comps_60_dense_256_039,linf,40,10,0.9915,0.0
1000,0.15,MLP_svd_comps_60_dense_256_039,linf,40,10,0.9915,0.1342
1000,1.0,MLP_svd_comps_60_dense_256_039,l2,100,10,0.9915,0.7617
1000,2.0,MLP_svd_comps_60_dense_256_039,l2,100,10,0.9915,0.1412
1000,0.3,MLP_svd_comps_60_dense_256_039,linf,100,10,0.9915,0.0
1000,0.15,MLP_svd_comps_60_dense_256_039,linf,100,10,0.9915,0.1343
1000,1.0,MLP_svd_comps_60_dense_512_046,l2,40,1,0.9983,0.7783
1000,2.0,MLP_svd_comps_60_dense_512_046,l2,40,1,0.9983,0.1537
1000,0.3,MLP_svd_comps_60_dense_512_046,linf,40,1,0.9983,0.0006
1000,0.15,MLP_svd_comps_60_dense_512_046,linf,40,1,0.9983,0.1497
1000,1.0,MLP_svd_comps_60_dense_512_046,l2,100,1,0.9983,0.7771
1000,2.0,MLP_svd_comps_60_dense_512_046,l2,100,1,0.9983,0.1497
1000,0.3,MLP_svd_comps_60_dense_512_046,linf,100,1,0.9983,0.0007
1000,0.15,MLP_svd_comps_60_dense_512_046,linf,100,1,0.9983,0.1493
1000,1.0,MLP_svd_comps_60_dense_512_046,l2,40,10,0.9983,0.7736
1000,2.0,MLP_svd_comps_60_dense_512_046,l2,40,10,0.9983,0.1448
1000,0.3,MLP_svd_comps_60_dense_512_046,linf,40,10,0.9983,0.0002
1000,0.15,MLP_svd_comps_60_dense_512_046,linf,40,10,0.9983,0.141
1000,1.0,MLP_svd_comps_60_dense_512_046,l2,100,10,0.9983,0.7729
1000,2.0,MLP_svd_comps_60_dense_512_046,l2,100,10,0.9983,0.1443
1000,0.3,MLP_svd_comps_60_dense_512_046,linf,100,10,0.9983,0.0002
1000,0.15,MLP_svd_comps_60_dense_512_046,linf,100,10,0.9983,0.1407
1000,1.0,MLP_svd_comps_70_dense_128_037,l2,40,1,0.9835,0.7428
1000,2.0,MLP_svd_comps_70_dense_128_037,l2,40,1,0.9835,0.1408
1000,0.3,MLP_svd_comps_70_dense_128_037,linf,40,1,0.9835,0.0
1000,0.15,MLP_svd_comps_70_dense_128_037,linf,40,1,0.9835,0.1288
1000,1.0,MLP_svd_comps_70_dense_128_037,l2,100,1,0.9835,0.7405
1000,2.0,MLP_svd_comps_70_dense_128_037,l2,100,1,0.9835,0.1402
1000,0.3,MLP_svd_comps_70_dense_128_037,linf,100,1,0.9835,0.0001
1000,0.15,MLP_svd_comps_70_dense_128_037,linf,100,1,0.9835,0.1298
1000,1.0,MLP_svd_comps_70_dense_128_037,l2,40,10,0.9835,0.7362
1000,2.0,MLP_svd_comps_70_dense_128_037,l2,40,10,0.9835,0.1305
1000,0.3,MLP_svd_comps_70_dense_128_037,linf,40,10,0.9835,0.0
1000,0.15,MLP_svd_comps_70_dense_128_037,linf,40,10,0.9835,0.1189
1000,1.0,MLP_svd_comps_70_dense_128_037,l2,100,10,0.9835,0.7358
1000,2.0,MLP_svd_comps_70_dense_128_037,l2,100,10,0.9835,0.13
1000,0.3,MLP_svd_comps_70_dense_128_037,linf,100,10,0.9835,0.0
1000,0.15,MLP_svd_comps_70_dense_128_037,linf,100,10,0.9835,0.1182
1000,1.0,MLP_svd_comps_70_dense_256_043,l2,40,1,0.9941,0.7563
1000,2.0,MLP_svd_comps_70_dense_256_043,l2,40,1,0.9941,0.138
1000,0.3,MLP_svd_comps_70_dense_256_043,linf,40,1,0.9941,0.0
1000,0.15,MLP_svd_comps_70_dense_256_043,linf,40,1,0.9941,0.1246
1000,1.0,MLP_svd_comps_70_dense_256_043,l2,100,1,0.9941,0.7549
1000,2.0,MLP_svd_comps_70_dense_256_043,l2,100,1,0.9941,0.1375
1000,0.3,MLP_svd_comps_70_dense_256_043,linf,100,1,0.9941,0.0
1000,0.15,MLP_svd_comps_70_dense_256_043,linf,100,1,0.9941,0.1261
1000,1.0,MLP_svd_comps_70_dense_256_043,l2,40,10,0.9941,0.751
1000,2.0,MLP_svd_comps_70_dense_256_043,l2,40,10,0.9941,0.129
1000,0.3,MLP_svd_comps_70_dense_256_043,linf,40,10,0.9941,0.0
1000,0.15,MLP_svd_comps_70_dense_256_043,linf,40,10,0.9941,0.1174
1000,1.0,MLP_svd_comps_70_dense_256_043,l2,100,10,0.9941,0.7498
1000,2.0,MLP_svd_comps_70_dense_256_043,l2,100,10,0.9941,0.1284
1000,0.3,MLP_svd_comps_70_dense_256_043,linf,100,10,0.9941,0.0
1000,0.15,MLP_svd_comps_70_dense_256_043,linf,100,10,0.9941,0.1174
1000,1.0,MLP_svd_comps_70_dense_512_042,l2,40,1,0.9979,0.7789
1000,2.0,MLP_svd_comps_70_dense_512_042,l2,40,1,0.9979,0.1491
1000,0.3,MLP_svd_comps_70_dense_512_042,linf,40,1,0.9979,0.0
1000,0.15,MLP_svd_comps_70_dense_512_042,linf,40,1,0.9979,0.1386
1000,1.0,MLP_svd_comps_70_dense_512_042,l2,100,1,0.9979,0.7783
1000,2.0,MLP_svd_comps_70_dense_512_042,l2,100,1,0.9979,0.1487
1000,0.3,MLP_svd_comps_70_dense_512_042,linf,100,1,0.9979,0.0
1000,0.15,MLP_svd_comps_70_dense_512_042,linf,100,1,0.9979,0.1374
1000,1.0,MLP_svd_comps_70_dense_512_042,l2,40,10,0.9979,0.7756
1000,2.0,MLP_svd_comps_70_dense_512_042,l2,40,10,0.9979,0.141
1000,0.3,MLP_svd_comps_70_dense_512_042,linf,40,10,0.9979,0.0
1000,0.15,MLP_svd_comps_70_dense_512_042,linf,40,10,0.9979,0.1324
1000,1.0,MLP_svd_comps_70_dense_512_042,l2,100,10,0.9979,0.7739
1000,2.0,MLP_svd_comps_70_dense_512_042,l2,100,10,0.9979,0.1392
1000,0.3,MLP_svd_comps_70_dense_512_042,linf,100,10,0.9979,0.0
1000,0.15,MLP_svd_comps_70_dense_512_042,linf,100,10,0.9979,0.1319
1000,1.0,MLP_svd_comps_80_dense_128_042,l2,40,1,0.9887,0.705
1000,2.0,MLP_svd_comps_80_dense_128_042,l2,40,1,0.9887,0.1149
1000,0.3,MLP_svd_comps_80_dense_128_042,linf,40,1,0.9887,0.0
1000,0.15,MLP_svd_comps_80_dense_128_042,linf,40,1,0.9887,0.1058
1000,1.0,MLP_svd_comps_80_dense_128_042,l2,100,1,0.9887,0.7046
1000,2.0,MLP_svd_comps_80_dense_128_042,l2,100,1,0.9887,0.1113
1000,0.3,MLP_svd_comps_80_dense_128_042,linf,100,1,0.9887,0.0
1000,0.15,MLP_svd_comps_80_dense_128_042,linf,100,1,0.9887,0.1066
1000,1.0,MLP_svd_comps_80_dense_128_042,l2,40,10,0.9887,0.6992
1000,2.0,MLP_svd_comps_80_dense_128_042,l2,40,10,0.9887,0.1033
1000,0.3,MLP_svd_comps_80_dense_128_042,linf,40,10,0.9887,0.0
1000,0.15,MLP_svd_comps_80_dense_128_042,linf,40,10,0.9887,0.0979
1000,1.0,MLP_svd_comps_80_dense_128_042,l2,100,10,0.9887,0.6983
1000,2.0,MLP_svd_comps_80_dense_128_042,l2,100,10,0.9887,0.1017
1000,0.3,MLP_svd_comps_80_dense_128_042,linf,100,10,0.9887,0.0
1000,0.15,MLP_svd_comps_80_dense_128_042,linf,100,10,0.9887,0.0982
1000,1.0,MLP_svd_comps_80_dense_256_047,l2,40,1,0.9963,0.7422
1000,2.0,MLP_svd_comps_80_dense_256_047,l2,40,1,0.9963,0.1234
1000,0.3,MLP_svd_comps_80_dense_256_047,linf,40,1,0.9963,0.0
1000,0.15,MLP_svd_comps_80_dense_256_047,linf,40,1,0.9963,0.1093
1000,1.0,MLP_svd_comps_80_dense_256_047,l2,100,1,0.9963,0.7433
1000,2.0,MLP_svd_comps_80_dense_256_047,l2,100,1,0.9963,0.1222
1000,0.3,MLP_svd_comps_80_dense_256_047,linf,100,1,0.9963,0.0
1000,0.15,MLP_svd_comps_80_dense_256_047,linf,100,1,0.9963,0.109
1000,1.0,MLP_svd_comps_80_dense_256_047,l2,40,10,0.9963,0.7387
1000,2.0,MLP_svd_comps_80_dense_256_047,l2,40,10,0.9963,0.1149
1000,0.3,MLP_svd_comps_80_dense_256_047,linf,40,10,0.9963,0.0
1000,0.15,MLP_svd_comps_80_dense_256_047,linf,40,10,0.9963,0.1025
1000,1.0,MLP_svd_comps_80_dense_256_047,l2,100,10,0.9963,0.7382
1000,2.0,MLP_svd_comps_80_dense_256_047,l2,100,10,0.9963,0.1134
1000,0.3,MLP_svd_comps_80_dense_256_047,linf,100,10,0.9963,0.0
1000,0.15,MLP_svd_comps_80_dense_256_047,linf,100,10,0.9963,0.1014
1000,1.0,MLP_svd_comps_80_dense_512_037,l2,40,1,0.9974,0.7594
1000,2.0,MLP_svd_comps_80_dense_512_037,l2,40,1,0.9974,0.1406
1000,0.3,MLP_svd_comps_80_dense_512_037,linf,40,1,0.9974,0.0002
1000,0.15,MLP_svd_comps_80_dense_512_037,linf,40,1,0.9974,0.133
1000,1.0,MLP_svd_comps_80_dense_512_037,l2,100,1,0.9974,0.7589
1000,2.0,MLP_svd_comps_80_dense_512_037,l2,100,1,0.9974,0.1391
1000,0.3,MLP_svd_comps_80_dense_512_037,linf,100,1,0.9974,0.0001
1000,0.15,MLP_svd_comps_80_dense_512_037,linf,100,1,0.9974,0.1341
1000,1.0,MLP_svd_comps_80_dense_512_037,l2,40,10,0.9974,0.7541
1000,2.0,MLP_svd_comps_80_dense_512_037,l2,40,10,0.9974,0.133
1000,0.3,MLP_svd_comps_80_dense_512_037,linf,40,10,0.9974,0.0001
1000,0.15,MLP_svd_comps_80_dense_512_037,linf,40,10,0.9974,0.1277
1000,1.0,MLP_svd_comps_80_dense_512_037,l2,100,10,0.9974,0.7531
1000,2.0,MLP_svd_comps_80_dense_512_037,l2,100,10,0.9974,0.1317
1000,0.3,MLP_svd_comps_80_dense_512_037,linf,100,10,0.9974,0.0001
1000,0.15,MLP_svd_comps_80_dense_512_037,linf,100,10,0.9974,0.1268
1000,1.0,MLP_svd_comps_90_dense_128_040,l2,40,1,0.9872,0.7059
1000,2.0,MLP_svd_comps_90_dense_128_040,l2,40,1,0.9872,0.1085
1000,0.3,MLP_svd_comps_90_dense_128_040,linf,40,1,0.9872,0.0001
1000,0.15,MLP_svd_comps_90_dense_128_040,linf,40,1,0.9872,0.0954
1000,1.0,MLP_svd_comps_90_dense_128_040,l2,100,1,0.9872,0.7048
1000,2.0,MLP_svd_comps_90_dense_128_040,l2,100,1,0.9872,0.1079
1000,0.3,MLP_svd_comps_90_dense_128_040,linf,100,1,0.9872,0.0001
1000,0.15,MLP_svd_comps_90_dense_128_040,linf,100,1,0.9872,0.0944
1000,1.0,MLP_svd_comps_90_dense_128_040,l2,40,10,0.9872,0.6989
1000,2.0,MLP_svd_comps_90_dense_128_040,l2,40,10,0.9872,0.0997
1000,0.3,MLP_svd_comps_90_dense_128_040,linf,40,10,0.9872,0.0001
1000,0.15,MLP_svd_comps_90_dense_128_040,linf,40,10,0.9872,0.0884
1000,1.0,MLP_svd_comps_90_dense_128_040,l2,100,10,0.9872,0.6976
1000,2.0,MLP_svd_comps_90_dense_128_040,l2,100,10,0.9872,0.0993
1000,0.3,MLP_svd_comps_90_dense_128_040,linf,100,10,0.9872,0.0001
1000,0.15,MLP_svd_comps_90_dense_128_040,linf,100,10,0.9872,0.0882
1000,1.0,MLP_svd_comps_90_dense_256_026,l2,40,1,0.9888,0.7426
1000,2.0,MLP_svd_comps_90_dense_256_026,l2,40,1,0.9888,0.1366
1000,0.3,MLP_svd_comps_90_dense_256_026,linf,40,1,0.9888,0.0
1000,0.15,MLP_svd_comps_90_dense_256_026,linf,40,1,0.9888,0.1162
1000,1.0,MLP_svd_comps_90_dense_256_026,l2,100,1,0.9888,0.741
1000,2.0,MLP_svd_comps_90_dense_256_026,l2,100,1,0.9888,0.1343
1000,0.3,MLP_svd_comps_90_dense_256_026,linf,100,1,0.9888,0.0
1000,0.15,MLP_svd_comps_90_dense_256_026,linf,100,1,0.9888,0.1146
1000,1.0,MLP_svd_comps_90_dense_256_026,l2,40,10,0.9888,0.7364
1000,2.0,MLP_svd_comps_90_dense_256_026,l2,40,10,0.9888,0.1259
1000,0.3,MLP_svd_comps_90_dense_256_026,linf,40,10,0.9888,0.0
1000,0.15,MLP_svd_comps_90_dense_256_026,linf,40,10,0.9888,0.1087
1000,1.0,MLP_svd_comps_90_dense_256_026,l2,100,10,0.9888,0.7353
1000,2.0,MLP_svd_comps_90_dense_256_026,l2,100,10,0.9888,0.1251
1000,0.3,MLP_svd_comps_90_dense_256_026,linf,100,10,0.9888,0.0
1000,0.15,MLP_svd_comps_90_dense_256_026,linf,100,10,0.9888,0.1092
1000,1.0,MLP_svd_comps_90_dense_512_042,l2,40,1,0.9994,0.7512
1000,2.0,MLP_svd_comps_90_dense_512_042,l2,40,1,0.9994,0.1201
1000,0.3,MLP_svd_comps_90_dense_512_042,linf,40,1,0.9994,0.0001
1000,0.15,MLP_svd_comps_90_dense_512_042,linf,40,1,0.9994,0.1098
1000,1.0,MLP_svd_comps_90_dense_512_042,l2,100,1,0.9994,0.751
1000,2.0,MLP_svd_comps_90_dense_512_042,l2,100,1,0.9994,0.1209
1000,0.3,MLP_svd_comps_90_dense_512_042,linf,100,1,0.9994,0.0001
1000,0.15,MLP_svd_comps_90_dense_512_042,linf,100,1,0.9994,0.1069
1000,1.0,MLP_svd_comps_90_dense_512_042,l2,40,10,0.9994,0.7465
1000,2.0,MLP_svd_comps_90_dense_512_042,l2,40,10,0.9994,0.114
1000,0.3,MLP_svd_comps_90_dense_512_042,linf,40,10,0.9994,0.0
1000,0.15,MLP_svd_comps_90_dense_512_042,linf,40,10,0.9994,0.1014
1000,1.0,MLP_svd_comps_90_dense_512_042,l2,100,10,0.9994,0.7454
1000,2.0,MLP_svd_comps_90_dense_512_042,l2,100,10,0.9994,0.1125
1000,0.3,MLP_svd_comps_90_dense_512_042,linf,100,10,0.9994,0.0
1000,0.15,MLP_svd_comps_90_dense_512_042,linf,100,10,0.9994,0.1015
1000,1.0,MLP_svd_reconstruct_comps_100_dense_128_041,l2,40,1,0.9874,0.6744
1000,2.0,MLP_svd_reconstruct_comps_100_dense_128_041,l2,40,1,0.9874,0.0913
1000,0.3,MLP_svd_reconstruct_comps_100_dense_128_041,linf,40,1,0.9874,0.0
1000,0.15,MLP_svd_reconstruct_comps_100_dense_128_041,linf,40,1,0.9874,0.0754
1000,1.0,MLP_svd_reconstruct_comps_100_dense_128_041,l2,100,1,0.9874,0.6726
1000,2.0,MLP_svd_reconstruct_comps_100_dense_128_041,l2,100,1,0.9874,0.09
1000,0.3,MLP_svd_reconstruct_comps_100_dense_128_041,linf,100,1,0.9874,0.0
1000,0.15,MLP_svd_reconstruct_comps_100_dense_128_041,linf,100,1,0.9874,0.0753
1000,1.0,MLP_svd_reconstruct_comps_100_dense_128_041,l2,40,10,0.9874,0.6659
1000,2.0,MLP_svd_reconstruct_comps_100_dense_128_041,l2,40,10,0.9874,0.0837
1000,0.3,MLP_svd_reconstruct_comps_100_dense_128_041,linf,40,10,0.9874,0.0
1000,0.15,MLP_svd_reconstruct_comps_100_dense_128_041,linf,40,10,0.9874,0.0704
1000,1.0,MLP_svd_reconstruct_comps_100_dense_128_041,l2,100,10,0.9874,0.6641
1000,2.0,MLP_svd_reconstruct_comps_100_dense_128_041,l2,100,10,0.9874,0.0828
1000,0.3,MLP_svd_reconstruct_comps_100_dense_128_041,linf,100,10,0.9874,0.0
1000,0.15,MLP_svd_reconstruct_comps_100_dense_128_041,linf,100,10,0.9874,0.0699
1000,1.0,MLP_svd_reconstruct_comps_100_dense_256_043,l2,40,1,0.9968,0.7123
1000,2.0,MLP_svd_reconstruct_comps_100_dense_256_043,l2,40,1,0.9968,0.1035
1000,0.3,MLP_svd_reconstruct_comps_100_dense_256_043,linf,40,1,0.9968,0.0
1000,0.15,MLP_svd_reconstruct_comps_100_dense_256_043,linf,40,1,0.9968,0.0888
1000,1.0,MLP_svd_reconstruct_comps_100_dense_256_043,l2,100,1,0.9968,0.7114
1000,2.0,MLP_svd_reconstruct_comps_100_dense_256_043,l2,100,1,0.9968,0.103
1000,0.3,MLP_svd_reconstruct_comps_100_dense_256_043,linf,100,1,0.9968,0.0
1000,0.15,MLP_svd_reconstruct_comps_100_dense_256_043,linf,100,1,0.9968,0.0888
1000,1.0,MLP_svd_reconstruct_comps_100_dense_256_043,l2,40,10,0.9968,0.7049
1000,2.0,MLP_svd_reconstruct_comps_100_dense_256_043,l2,40,10,0.9968,0.0976
1000,0.3,MLP_svd_reconstruct_comps_100_dense_256_043,linf,40,10,0.9968,0.0
1000,0.15,MLP_svd_reconstruct_comps_100_dense_256_043,linf,40,10,0.9968,0.0816
1000,1.0,MLP_svd_reconstruct_comps_100_dense_256_043,l2,100,10,0.9968,0.7043
1000,2.0,MLP_svd_reconstruct_comps_100_dense_256_043,l2,100,10,0.9968,0.0964
1000,0.3,MLP_svd_reconstruct_comps_100_dense_256_043,linf,100,10,0.9968,0.0
1000,0.15,MLP_svd_reconstruct_comps_100_dense_256_043,linf,100,10,0.9968,0.0816
1000,1.0,MLP_svd_reconstruct_comps_100_dense_512_037,l2,40,1,0.9987,0.7467
1000,2.0,MLP_svd_reconstruct_comps_100_dense_512_037,l2,40,1,0.9987,0.1175
1000,0.3,MLP_svd_reconstruct_comps_100_dense_512_037,linf,40,1,0.9987,0.0
1000,0.15,MLP_svd_reconstruct_comps_100_dense_512_037,linf,40,1,0.9987,0.1031
1000,1.0,MLP_svd_reconstruct_comps_100_dense_512_037,l2,100,1,0.9987,0.7456
1000,2.0,MLP_svd_reconstruct_comps_100_dense_512_037,l2,100,1,0.9987,0.1164
1000,0.3,MLP_svd_reconstruct_comps_100_dense_512_037,linf,100,1,0.9987,0.0
1000,0.15,MLP_svd_reconstruct_comps_100_dense_512_037,linf,100,1,0.9987,0.102
1000,1.0,MLP_svd_reconstruct_comps_100_dense_512_037,l2,40,10,0.9987,0.7403
1000,2.0,MLP_svd_reconstruct_comps_100_dense_512_037,l2,40,10,0.9987,0.1116
1000,0.3,MLP_svd_reconstruct_comps_100_dense_512_037,linf,40,10,0.9987,0.0
1000,0.15,MLP_svd_reconstruct_comps_100_dense_512_037,linf,40,10,0.9987,0.0963
1000,1.0,MLP_svd_reconstruct_comps_100_dense_512_037,l2,100,10,0.9987,0.7388
1000,2.0,MLP_svd_reconstruct_comps_100_dense_512_037,l2,100,10,0.9987,0.1105
1000,0.3,MLP_svd_reconstruct_comps_100_dense_512_037,linf,100,10,0.9987,0.0
1000,0.15,MLP_svd_reconstruct_comps_100_dense_512_037,linf,100,10,0.9987,0.0959
1000,1.0,MLP_svd_reconstruct_comps_10_dense_128_047,l2,40,1,0.9224,0.5868
1000,2.0,MLP_svd_reconstruct_comps_10_dense_128_047,l2,40,1,0.9224,0.1601
1000,0.3,MLP_svd_reconstruct_comps_10_dense_128_047,linf,40,1,0.9224,0.0017
1000,0.15,MLP_svd_reconstruct_comps_10_dense_128_047,linf,40,1,0.9224,0.1772
1000,1.0,MLP_svd_reconstruct_comps_10_dense_128_047,l2,100,1,0.9224,0.5854
1000,2.0,MLP_svd_reconstruct_comps_10_dense_128_047,l2,100,1,0.9224,0.1593
1000,0.3,MLP_svd_reconstruct_comps_10_dense_128_047,linf,100,1,0.9224,0.0012
1000,0.15,MLP_svd_reconstruct_comps_10_dense_128_047,linf,100,1,0.9224,0.1776
1000,1.0,MLP_svd_reconstruct_comps_10_dense_128_047,l2,40,10,0.9224,0.5821
1000,2.0,MLP_svd_reconstruct_comps_10_dense_128_047,l2,40,10,0.9224,0.1521
1000,0.3,MLP_svd_reconstruct_comps_10_dense_128_047,linf,40,10,0.9224,0.0003
1000,0.15,MLP_svd_reconstruct_comps_10_dense_128_047,linf,40,10,0.9224,0.1707
1000,1.0,MLP_svd_reconstruct_comps_10_dense_128_047,l2,100,10,0.9224,0.5805
1000,2.0,MLP_svd_reconstruct_comps_10_dense_128_047,l2,100,10,0.9224,0.1507
1000,0.3,MLP_svd_reconstruct_comps_10_dense_128_047,linf,100,10,0.9224,0.0004
1000,0.15,MLP_svd_reconstruct_comps_10_dense_128_047,linf,100,10,0.9224,0.17
1000,1.0,MLP_svd_reconstruct_comps_10_dense_256_046,l2,40,1,0.9275,0.5832
1000,2.0,MLP_svd_reconstruct_comps_10_dense_256_046,l2,40,1,0.9275,0.1525
1000,0.3,MLP_svd_reconstruct_comps_10_dense_256_046,linf,40,1,0.9275,0.0013
1000,0.15,MLP_svd_reconstruct_comps_10_dense_256_046,linf,40,1,0.9275,0.1674
1000,1.0,MLP_svd_reconstruct_comps_10_dense_256_046,l2,100,1,0.9275,0.5834
1000,2.0,MLP_svd_reconstruct_comps_10_dense_256_046,l2,100,1,0.9275,0.1524
1000,0.3,MLP_svd_reconstruct_comps_10_dense_256_046,linf,100,1,0.9275,0.0009
1000,0.15,MLP_svd_reconstruct_comps_10_dense_256_046,linf,100,1,0.9275,0.1657
1000,1.0,MLP_svd_reconstruct_comps_10_dense_256_046,l2,40,10,0.9275,0.5787
1000,2.0,MLP_svd_reconstruct_comps_10_dense_256_046,l2,40,10,0.9275,0.1448
1000,0.3,MLP_svd_reconstruct_comps_10_dense_256_046,linf,40,10,0.9275,0.0007
1000,0.15,MLP_svd_reconstruct_comps_10_dense_256_046,linf,40,10,0.9275,0.1601
1000,1.0,MLP_svd_reconstruct_comps_10_dense_256_046,l2,100,10,0.9275,0.579
1000,2.0,MLP_svd_reconstruct_comps_10_dense_256_046,l2,100,10,0.9275,0.144
1000,0.3,MLP_svd_reconstruct_comps_10_dense_256_046,linf,100,10,0.9275,0.0007
1000,0.15,MLP_svd_reconstruct_comps_10_dense_256_046,linf,100,10,0.9275,0.1604
1000,1.0,MLP_svd_reconstruct_comps_10_dense_512_047,l2,40,1,0.9335,0.584
1000,2.0,MLP_svd_reconstruct_comps_10_dense_512_047,l2,40,1,0.9335,0.1455
1000,0.3,MLP_svd_reconstruct_comps_10_dense_512_047,linf,40,1,0.9335,0.0007
1000,0.15,MLP_svd_reconstruct_comps_10_dense_512_047,linf,40,1,0.9335,0.1574
1000,1.0,MLP_svd_reconstruct_comps_10_dense_512_047,l2,100,1,0.9335,0.5821
1000,2.0,MLP_svd_reconstruct_comps_10_dense_512_047,l2,100,1,0.9335,0.1422
1000,0.3,MLP_svd_reconstruct_comps_10_dense_512_047,linf,100,1,0.9335,0.0011
1000,0.15,MLP_svd_reconstruct_comps_10_dense_512_047,linf,100,1,0.9335,0.1573
1000,1.0,MLP_svd_reconstruct_comps_10_dense_512_047,l2,40,10,0.9335,0.5782
1000,2.0,MLP_svd_reconstruct_comps_10_dense_512_047,l2,40,10,0.9335,0.1375
1000,0.3,MLP_svd_reconstruct_comps_10_dense_512_047,linf,40,10,0.9335,0.0004
1000,0.15,MLP_svd_reconstruct_comps_10_dense_512_047,linf,40,10,0.9335,0.1512
1000,1.0,MLP_svd_reconstruct_comps_10_dense_512_047,l2,100,10,0.9335,0.5772
1000,2.0,MLP_svd_reconstruct_comps_10_dense_512_047,l2,100,10,0.9335,0.1366
1000,0.3,MLP_svd_reconstruct_comps_10_dense_512_047,linf,100,10,0.9335,0.0005
1000,0.15,MLP_svd_reconstruct_comps_10_dense_512_047,linf,100,10,0.9335,0.1509
1000,1.0,MLP_svd_reconstruct_comps_20_dense_128_049,l2,40,1,0.9722,0.7383
1000,2.0,MLP_svd_reconstruct_comps_20_dense_128_049,l2,40,1,0.9722,0.2022
1000,0.3,MLP_svd_reconstruct_comps_20_dense_128_049,linf,40,1,0.9722,0.0007
1000,0.15,MLP_svd_reconstruct_comps_20_dense_128_049,linf,40,1,0.9722,0.2416
1000,1.0,MLP_svd_reconstruct_comps_20_dense_128_049,l2,100,1,0.9722,0.7378
1000,2.0,MLP_svd_reconstruct_comps_20_dense_128_049,l2,100,1,0.9722,0.1999
1000,0.3,MLP_svd_reconstruct_comps_20_dense_128_049,linf,100,1,0.9722,0.0006
1000,0.15,MLP_svd_reconstruct_comps_20_dense_128_049,linf,100,1,0.9722,0.241
1000,1.0,MLP_svd_reconstruct_comps_20_dense_128_049,l2,40,10,0.9722,0.7338
1000,2.0,MLP_svd_reconstruct_comps_20_dense_128_049,l2,40,10,0.9722,0.1879
1000,0.3,MLP_svd_reconstruct_comps_20_dense_128_049,linf,40,10,0.9722,0.0005
1000,0.15,MLP_svd_reconstruct_comps_20_dense_128_049,linf,40,10,0.9722,0.2303
1000,1.0,MLP_svd_reconstruct_comps_20_dense_128_049,l2,100,10,0.9722,0.7336
1000,2.0,MLP_svd_reconstruct_comps_20_dense_128_049,l2,100,10,0.9722,0.1867
1000,0.3,MLP_svd_reconstruct_comps_20_dense_128_049,linf,100,10,0.9722,0.0004
1000,0.15,MLP_svd_reconstruct_comps_20_dense_128_049,linf,100,10,0.9722,0.2301
1000,1.0,MLP_svd_reconstruct_comps_20_dense_256_043,l2,40,1,0.9776,0.7562
1000,2.0,MLP_svd_reconstruct_comps_20_dense_256_043,l2,40,1,0.9776,0.2112
1000,0.3,MLP_svd_reconstruct_comps_20_dense_256_043,linf,40,1,0.9776,0.0017
1000,0.15,MLP_svd_reconstruct_comps_20_dense_256_043,linf,40,1,0.9776,0.2464
1000,1.0,MLP_svd_reconstruct_comps_20_dense_256_043,l2,100,1,0.9776,0.7557
1000,2.0,MLP_svd_reconstruct_comps_20_dense_256_043,l2,100,1,0.9776,0.2091
1000,0.3,MLP_svd_reconstruct_comps_20_dense_256_043,linf,100,1,0.9776,0.002
1000,0.15,MLP_svd_reconstruct_comps_20_dense_256_043,linf,100,1,0.9776,0.2452
1000,1.0,MLP_svd_reconstruct_comps_20_dense_256_043,l2,40,10,0.9776,0.7526
1000,2.0,MLP_svd_reconstruct_comps_20_dense_256_043,l2,40,10,0.9776,0.2004
1000,0.3,MLP_svd_reconstruct_comps_20_dense_256_043,linf,40,10,0.9776,0.001
1000,0.15,MLP_svd_reconstruct_comps_20_dense_256_043,linf,40,10,0.9776,0.2354
1000,1.0,MLP_svd_reconstruct_comps_20_dense_256_043,l2,100,10,0.9776,0.7522
1000,2.0,MLP_svd_reconstruct_comps_20_dense_256_043,l2,100,10,0.9776,0.1993
1000,0.3,MLP_svd_reconstruct_comps_20_dense_256_043,linf,100,10,0.9776,0.0008
1000,0.15,MLP_svd_reconstruct_comps_20_dense_256_043,linf,100,10,0.9776,0.2355
1000,1.0,MLP_svd_reconstruct_comps_20_dense_512_036,l2,40,1,0.9796,0.7578
1000,2.0,MLP_svd_reconstruct_comps_20_dense_512_036,l2,40,1,0.9796,0.1911
1000,0.3,MLP_svd_reconstruct_comps_20_dense_512_036,linf,40,1,0.9796,0.0004
1000,0.15,MLP_svd_reconstruct_comps_20_dense_512_036,linf,40,1,0.9796,0.2306
1000,1.0,MLP_svd_reconstruct_comps_20_dense_512_036,l2,100,1,0.9796,0.7565
1000,2.0,MLP_svd_reconstruct_comps_20_dense_512_036,l2,100,1,0.9796,0.1913
1000,0.3,MLP_svd_reconstruct_comps_20_dense_512_036,linf,100,1,0.9796,0.0001
1000,0.15,MLP_svd_reconstruct_comps_20_dense_512_036,linf,100,1,0.9796,0.2308
1000,1.0,MLP_svd_reconstruct_comps_20_dense_512_036,l2,40,10,0.9796,0.7534
1000,2.0,MLP_svd_reconstruct_comps_20_dense_512_036,l2,40,10,0.9796,0.1803
1000,0.3,MLP_svd_reconstruct_comps_20_dense_512_036,linf,40,10,0.9796,0.0001
1000,0.15,MLP_svd_reconstruct_comps_20_dense_512_036,linf,40,10,0.9796,0.2201
1000,1.0,MLP_svd_reconstruct_comps_20_dense_512_036,l2,100,10,0.9796,0.7525
1000,2.0,MLP_svd_reconstruct_comps_20_dense_512_036,l2,100,10,0.9796,0.1786
1000,0.3,MLP_svd_reconstruct_comps_20_dense_512_036,linf,100,10,0.9796,0.0001
1000,0.15,MLP_svd_reconstruct_comps_20_dense_512_036,linf,100,10,0.9796,0.2198
1000,1.0,MLP_svd_reconstruct_comps_30_dense_128_043,l2,40,1,0.9785,0.769
1000,2.0,MLP_svd_reconstruct_comps_30_dense_128_043,l2,40,1,0.9785,0.1972
1000,0.3,MLP_svd_reconstruct_comps_30_dense_128_043,linf,40,1,0.9785,0.0
1000,0.15,MLP_svd_reconstruct_comps_30_dense_128_043,linf,40,1,0.9785,0.2194
1000,1.0,MLP_svd_reconstruct_comps_30_dense_128_043,l2,100,1,0.9785,0.7681
1000,2.0,MLP_svd_reconstruct_comps_30_dense_128_043,l2,100,1,0.9785,0.1968
1000,0.3,MLP_svd_reconstruct_comps_30_dense_128_043,linf,100,1,0.9785,0.0
1000,0.15,MLP_svd_reconstruct_comps_30_dense_128_043,linf,100,1,0.9785,0.2183
1000,1.0,MLP_svd_reconstruct_comps_30_dense_128_043,l2,40,10,0.9785,0.7643
1000,2.0,MLP_svd_reconstruct_comps_30_dense_128_043,l2,40,10,0.9785,0.1852
1000,0.3,MLP_svd_reconstruct_comps_30_dense_128_043,linf,40,10,0.9785,0.0
1000,0.15,MLP_svd_reconstruct_comps_30_dense_128_043,linf,40,10,0.9785,0.2062
1000,1.0,MLP_svd_reconstruct_comps_30_dense_128_043,l2,100,10,0.9785,0.7636
1000,2.0,MLP_svd_reconstruct_comps_30_dense_128_043,l2,100,10,0.9785,0.1825
1000,0.3,MLP_svd_reconstruct_comps_30_dense_128_043,linf,100,10,0.9785,0.0
1000,0.15,MLP_svd_reconstruct_comps_30_dense_128_043,linf,100,10,0.9785,0.2051
1000,1.0,MLP_svd_reconstruct_comps_30_dense_256_046,l2,40,1,0.9862,0.7809
1000,2.0,MLP_svd_reconstruct_comps_30_dense_256_046,l2,40,1,0.9862,0.205
1000,0.3,MLP_svd_reconstruct_comps_30_dense_256_046,linf,40,1,0.9862,0.0007
1000,0.15,MLP_svd_reconstruct_comps_30_dense_256_046,linf,40,1,0.9862,0.2367
1000,1.0,MLP_svd_reconstruct_comps_30_dense_256_046,l2,100,1,0.9862,0.7796
1000,2.0,MLP_svd_reconstruct_comps_30_dense_256_046,l2,100,1,0.9862,0.2039
1000,0.3,MLP_svd_reconstruct_comps_30_dense_256_046,linf,100,1,0.9862,0.0006
1000,0.15,MLP_svd_reconstruct_comps_30_dense_256_046,linf,100,1,0.9862,0.2356
1000,1.0,MLP_svd_reconstruct_comps_30_dense_256_046,l2,40,10,0.9862,0.7763
1000,2.0,MLP_svd_reconstruct_comps_30_dense_256_046,l2,40,10,0.9862,0.1937
1000,0.3,MLP_svd_reconstruct_comps_30_dense_256_046,linf,40,10,0.9862,0.0006
1000,0.15,MLP_svd_reconstruct_comps_30_dense_256_046,linf,40,10,0.9862,0.2248
1000,1.0,MLP_svd_reconstruct_comps_30_dense_256_046,l2,100,10,0.9862,0.7763
1000,2.0,MLP_svd_reconstruct_comps_30_dense_256_046,l2,100,10,0.9862,0.1922
1000,0.3,MLP_svd_reconstruct_comps_30_dense_256_046,linf,100,10,0.9862,0.0005
1000,0.15,MLP_svd_reconstruct_comps_30_dense_256_046,linf,100,10,0.9862,0.2245
1000,1.0,MLP_svd_reconstruct_comps_30_dense_512_032,l2,40,1,0.986,0.7924
1000,2.0,MLP_svd_reconstruct_comps_30_dense_512_032,l2,40,1,0.986,0.2157
1000,0.3,MLP_svd_reconstruct_comps_30_dense_512_032,linf,40,1,0.986,0.0008
1000,0.15,MLP_svd_reconstruct_comps_30_dense_512_032,linf,40,1,0.986,0.2477
1000,1.0,MLP_svd_reconstruct_comps_30_dense_512_032,l2,100,1,0.986,0.7922
1000,2.0,MLP_svd_reconstruct_comps_30_dense_512_032,l2,100,1,0.986,0.2132
1000,0.3,MLP_svd_reconstruct_comps_30_dense_512_032,linf,100,1,0.986,0.0008
1000,0.15,MLP_svd_reconstruct_comps_30_dense_512_032,linf,100,1,0.986,0.2476
1000,1.0,MLP_svd_reconstruct_comps_30_dense_512_032,l2,40,10,0.986,0.7887
1000,2.0,MLP_svd_reconstruct_comps_30_dense_512_032,l2,40,10,0.986,0.2044
1000,0.3,MLP_svd_reconstruct_comps_30_dense_512_032,linf,40,10,0.986,0.0003
1000,0.15,MLP_svd_reconstruct_comps_30_dense_512_032,linf,40,10,0.986,0.2393
1000,1.0,MLP_svd_reconstruct_comps_30_dense_512_032,l2,100,10,0.986,0.7878
1000,2.0,MLP_svd_reconstruct_comps_30_dense_512_032,l2,100,10,0.986,0.2027
1000,0.3,MLP_svd_reconstruct_comps_30_dense_512_032,linf,100,10,0.986,0.0005
1000,0.15,MLP_svd_reconstruct_comps_30_dense_512_032,linf,100,10,0.986,0.2386
1000,1.0,MLP_svd_reconstruct_comps_40_dense_128_048,l2,40,1,0.9834,0.7631
1000,2.0,MLP_svd_reconstruct_comps_40_dense_128_048,l2,40,1,0.9834,0.1822
1000,0.3,MLP_svd_reconstruct_comps_40_dense_128_048,linf,40,1,0.9834,0.0006
1000,0.15,MLP_svd_reconstruct_comps_40_dense_128_048,linf,40,1,0.9834,0.2
1000,1.0,MLP_svd_reconstruct_comps_40_dense_128_048,l2,100,1,0.9834,0.763
1000,2.0,MLP_svd_reconstruct_comps_40_dense_128_048,l2,100,1,0.9834,0.1815
1000,0.3,MLP_svd_reconstruct_comps_40_dense_128_048,linf,100,1,0.9834,0.001
1000,0.15,MLP_svd_reconstruct_comps_40_dense_128_048,linf,100,1,0.9834,0.1991
1000,1.0,MLP_svd_reconstruct_comps_40_dense_128_048,l2,40,10,0.9834,0.7571
1000,2.0,MLP_svd_reconstruct_comps_40_dense_128_048,l2,40,10,0.9834,0.1685
1000,0.3,MLP_svd_reconstruct_comps_40_dense_128_048,linf,40,10,0.9834,0.0003
1000,0.15,MLP_svd_reconstruct_comps_40_dense_128_048,linf,40,10,0.9834,0.1865
1000,1.0,MLP_svd_reconstruct_comps_40_dense_128_048,l2,100,10,0.9834,0.7567
1000,2.0,MLP_svd_reconstruct_comps_40_dense_128_048,l2,100,10,0.9834,0.1681
1000,0.3,MLP_svd_reconstruct_comps_40_dense_128_048,linf,100,10,0.9834,0.0003
1000,0.15,MLP_svd_reconstruct_comps_40_dense_128_048,linf,100,10,0.9834,0.1862
1000,1.0,MLP_svd_reconstruct_comps_40_dense_256_039,l2,40,1,0.988,0.7785
1000,2.0,MLP_svd_reconstruct_comps_40_dense_256_039,l2,40,1,0.988,0.1945
1000,0.3,MLP_svd_reconstruct_comps_40_dense_256_039,linf,40,1,0.988,0.0003
1000,0.15,MLP_svd_reconstruct_comps_40_dense_256_039,linf,40,1,0.988,0.2128
1000,1.0,MLP_svd_reconstruct_comps_40_dense_256_039,l2,100,1,0.988,0.7779
1000,2.0,MLP_svd_reconstruct_comps_40_dense_256_039,l2,100,1,0.988,0.1926
1000,0.3,MLP_svd_reconstruct_comps_40_dense_256_039,linf,100,1,0.988,0.0002
1000,0.15,MLP_svd_reconstruct_comps_40_dense_256_039,linf,100,1,0.988,0.2137
1000,1.0,MLP_svd_reconstruct_comps_40_dense_256_039,l2,40,10,0.988,0.7748
1000,2.0,MLP_svd_reconstruct_comps_40_dense_256_039,l2,40,10,0.988,0.1836
1000,0.3,MLP_svd_reconstruct_comps_40_dense_256_039,linf,40,10,0.988,0.0001
1000,0.15,MLP_svd_reconstruct_comps_40_dense_256_039,linf,40,10,0.988,0.2008
1000,1.0,MLP_svd_reconstruct_comps_40_dense_256_039,l2,100,10,0.988,0.7744
1000,2.0,MLP_svd_reconstruct_comps_40_dense_256_039,l2,100,10,0.988,0.1809
1000,0.3,MLP_svd_reconstruct_comps_40_dense_256_039,linf,100,10,0.988,0.0002
1000,0.15,MLP_svd_reconstruct_comps_40_dense_256_039,linf,100,10,0.988,0.2005
1000,1.0,MLP_svd_reconstruct_comps_40_dense_512_034,l2,40,1,0.9918,0.7897
1000,2.0,MLP_svd_reconstruct_comps_40_dense_512_034,l2,40,1,0.9918,0.1962
1000,0.3,MLP_svd_reconstruct_comps_40_dense_512_034,linf,40,1,0.9918,0.0004
1000,0.15,MLP_svd_reconstruct_comps_40_dense_512_034,linf,40,1,0.9918,0.2165
1000,1.0,MLP_svd_reconstruct_comps_40_dense_512_034,l2,100,1,0.9918,0.7879
1000,2.0,MLP_svd_reconstruct_comps_40_dense_512_034,l2,100,1,0.9918,0.1954
1000,0.3,MLP_svd_reconstruct_comps_40_dense_512_034,linf,100,1,0.9918,0.0003
1000,0.15,MLP_svd_reconstruct_comps_40_dense_512_034,linf,100,1,0.9918,0.2139
1000,1.0,MLP_svd_reconstruct_comps_40_dense_512_034,l2,40,10,0.9918,0.7852
1000,2.0,MLP_svd_reconstruct_comps_40_dense_512_034,l2,40,10,0.9918,0.1863
1000,0.3,MLP_svd_reconstruct_comps_40_dense_512_034,linf,40,10,0.9918,0.0001
1000,0.15,MLP_svd_reconstruct_comps_40_dense_512_034,linf,40,10,0.9918,0.2055
1000,1.0,MLP_svd_reconstruct_comps_40_dense_512_034,l2,100,10,0.9918,0.7846
1000,2.0,MLP_svd_reconstruct_comps_40_dense_512_034,l2,100,10,0.9918,0.1855
1000,0.3,MLP_svd_reconstruct_comps_40_dense_512_034,linf,100,10,0.9918,0.0002
1000,0.15,MLP_svd_reconstruct_comps_40_dense_512_034,linf,100,10,0.9918,0.2057
1000,1.0,MLP_svd_reconstruct_comps_50_dense_128_048,l2,40,1,0.9861,0.7603
1000,2.0,MLP_svd_reconstruct_comps_50_dense_128_048,l2,40,1,0.9861,0.1655
1000,0.3,MLP_svd_reconstruct_comps_50_dense_128_048,linf,40,1,0.9861,0.0
1000,0.15,MLP_svd_reconstruct_comps_50_dense_128_048,linf,40,1,0.9861,0.1752
1000,1.0,MLP_svd_reconstruct_comps_50_dense_128_048,l2,100,1,0.9861,0.7593
1000,2.0,MLP_svd_reconstruct_comps_50_dense_128_048,l2,100,1,0.9861,0.1638
1000,0.3,MLP_svd_reconstruct_comps_50_dense_128_048,linf,100,1,0.9861,0.0
1000,0.15,MLP_svd_reconstruct_comps_50_dense_128_048,linf,100,1,0.9861,0.1743
1000,1.0,MLP_svd_reconstruct_comps_50_dense_128_048,l2,40,10,0.9861,0.7546
1000,2.0,MLP_svd_reconstruct_comps_50_dense_128_048,l2,40,10,0.9861,0.1523
1000,0.3,MLP_svd_reconstruct_comps_50_dense_128_048,linf,40,10,0.9861,0.0
1000,0.15,MLP_svd_reconstruct_comps_50_dense_128_048,linf,40,10,0.9861,0.1612
1000,1.0,MLP_svd_reconstruct_comps_50_dense_128_048,l2,100,10,0.9861,0.7539
1000,2.0,MLP_svd_reconstruct_comps_50_dense_128_048,l2,100,10,0.9861,0.1512
1000,0.3,MLP_svd_reconstruct_comps_50_dense_128_048,linf,100,10,0.9861,0.0
1000,0.15,MLP_svd_reconstruct_comps_50_dense_128_048,linf,100,10,0.9861,0.1614
1000,1.0,MLP_svd_reconstruct_comps_50_dense_256_041,l2,40,1,0.9909,0.785
1000,2.0,MLP_svd_reconstruct_comps_50_dense_256_041,l2,40,1,0.9909,0.1786
1000,0.3,MLP_svd_reconstruct_comps_50_dense_256_041,linf,40,1,0.9909,0.0003
1000,0.15,MLP_svd_reconstruct_comps_50_dense_256_041,linf,40,1,0.9909,0.1839
1000,1.0,MLP_svd_reconstruct_comps_50_dense_256_041,l2,100,1,0.9909,0.7835
1000,2.0,MLP_svd_reconstruct_comps_50_dense_256_041,l2,100,1,0.9909,0.176
1000,0.3,MLP_svd_reconstruct_comps_50_dense_256_041,linf,100,1,0.9909,0.0004
1000,0.15,MLP_svd_reconstruct_comps_50_dense_256_041,linf,100,1,0.9909,0.1829
1000,1.0,MLP_svd_reconstruct_comps_50_dense_256_041,l2,40,10,0.9909,0.7812
1000,2.0,MLP_svd_reconstruct_comps_50_dense_256_041,l2,40,10,0.9909,0.1664
1000,0.3,MLP_svd_reconstruct_comps_50_dense_256_041,linf,40,10,0.9909,0.0002
1000,0.15,MLP_svd_reconstruct_comps_50_dense_256_041,linf,40,10,0.9909,0.1741
1000,1.0,MLP_svd_reconstruct_comps_50_dense_256_041,l2,100,10,0.9909,0.7792
1000,2.0,MLP_svd_reconstruct_comps_50_dense_256_041,l2,100,10,0.9909,0.1649
1000,0.3,MLP_svd_reconstruct_comps_50_dense_256_041,linf,100,10,0.9909,0.0001
1000,0.15,MLP_svd_reconstruct_comps_50_dense_256_041,linf,100,10,0.9909,0.1736
1000,1.0,MLP_svd_reconstruct_comps_50_dense_512_030,l2,40,1,0.9923,0.8068
1000,2.0,MLP_svd_reconstruct_comps_50_dense_512_030,l2,40,1,0.9923,0.1991
1000,0.3,MLP_svd_reconstruct_comps_50_dense_512_030,linf,40,1,0.9923,0.0003
1000,0.15,MLP_svd_reconstruct_comps_50_dense_512_030,linf,40,1,0.9923,0.2035
1000,1.0,MLP_svd_reconstruct_comps_50_dense_512_030,l2,100,1,0.9923,0.8064
1000,2.0,MLP_svd_reconstruct_comps_50_dense_512_030,l2,100,1,0.9923,0.1976
1000,0.3,MLP_svd_reconstruct_comps_50_dense_512_030,linf,100,1,0.9923,0.0002
1000,0.15,MLP_svd_reconstruct_comps_50_dense_512_030,linf,100,1,0.9923,0.2033
1000,1.0,MLP_svd_reconstruct_comps_50_dense_512_030,l2,40,10,0.9923,0.8027
1000,2.0,MLP_svd_reconstruct_comps_50_dense_512_030,l2,40,10,0.9923,0.1881
1000,0.3,MLP_svd_reconstruct_comps_50_dense_512_030,linf,40,10,0.9923,0.0002
1000,0.15,MLP_svd_reconstruct_comps_50_dense_512_030,linf,40,10,0.9923,0.1946
1000,1.0,MLP_svd_reconstruct_comps_50_dense_512_030,l2,100,10,0.9923,0.8021
1000,2.0,MLP_svd_reconstruct_comps_50_dense_512_030,l2,100,10,0.9923,0.1856
1000,0.3,MLP_svd_reconstruct_comps_50_dense_512_030,linf,100,10,0.9923,0.0002
1000,0.15,MLP_svd_reconstruct_comps_50_dense_512_030,linf,100,10,0.9923,0.1937
1000,1.0,MLP_svd_reconstruct_comps_60_dense_128_049,l2,40,1,0.9884,0.7398
1000,2.0,MLP_svd_reconstruct_comps_60_dense_128_049,l2,40,1,0.9884,0.1436
1000,0.3,MLP_svd_reconstruct_comps_60_dense_128_049,linf,40,1,0.9884,0.0004
1000,0.15,MLP_svd_reconstruct_comps_60_dense_128_049,linf,40,1,0.9884,0.1376
1000,1.0,MLP_svd_reconstruct_comps_60_dense_128_049,l2,100,1,0.9884,0.7385
1000,2.0,MLP_svd_reconstruct_comps_60_dense_128_049,l2,100,1,0.9884,0.1417
1000,0.3,MLP_svd_reconstruct_comps_60_dense_128_049,linf,100,1,0.9884,0.0005
1000,0.15,MLP_svd_reconstruct_comps_60_dense_128_049,linf,100,1,0.9884,0.1359
1000,1.0,MLP_svd_reconstruct_comps_60_dense_128_049,l2,40,10,0.9884,0.7339
1000,2.0,MLP_svd_reconstruct_comps_60_dense_128_049,l2,40,10,0.9884,0.1318
1000,0.3,MLP_svd_reconstruct_comps_60_dense_128_049,linf,40,10,0.9884,0.0003
1000,0.15,MLP_svd_reconstruct_comps_60_dense_128_049,linf,40,10,0.9884,0.1282
1000,1.0,MLP_svd_reconstruct_comps_60_dense_128_049,l2,100,10,0.9884,0.7331
1000,2.0,MLP_svd_reconstruct_comps_60_dense_128_049,l2,100,10,0.9884,0.1306
1000,0.3,MLP_svd_reconstruct_comps_60_dense_128_049,linf,100,10,0.9884,0.0003
1000,0.15,MLP_svd_reconstruct_comps_60_dense_128_049,linf,100,10,0.9884,0.1272
1000,1.0,MLP_svd_reconstruct_comps_60_dense_256_047,l2,40,1,0.9936,0.7645
1000,2.0,MLP_svd_reconstruct_comps_60_dense_256_047,l2,40,1,0.9936,0.1505
1000,0.3,MLP_svd_reconstruct_comps_60_dense_256_047,linf,40,1,0.9936,0.0001
1000,0.15,MLP_svd_reconstruct_comps_60_dense_256_047,linf,40,1,0.9936,0.1506
1000,1.0,MLP_svd_reconstruct_comps_60_dense_256_047,l2,100,1,0.9936,0.7633
1000,2.0,MLP_svd_reconstruct_comps_60_dense_256_047,l2,100,1,0.9936,0.1501
1000,0.3,MLP_svd_reconstruct_comps_60_dense_256_047,linf,100,1,0.9936,0.0001
1000,0.15,MLP_svd_reconstruct_comps_60_dense_256_047,linf,100,1,0.9936,0.1483
1000,1.0,MLP_svd_reconstruct_comps_60_dense_256_047,l2,40,10,0.9936,0.7597
1000,2.0,MLP_svd_reconstruct_comps_60_dense_256_047,l2,40,10,0.9936,0.1414
1000,0.3,MLP_svd_reconstruct_comps_60_dense_256_047,linf,40,10,0.9936,0.0001
1000,0.15,MLP_svd_reconstruct_comps_60_dense_256_047,linf,40,10,0.9936,0.1396
1000,1.0,MLP_svd_reconstruct_comps_60_dense_256_047,l2,100,10,0.9936,0.759
1000,2.0,MLP_svd_reconstruct_comps_60_dense_256_047,l2,100,10,0.9936,0.1394
1000,0.3,MLP_svd_reconstruct_comps_60_dense_256_047,linf,100,10,0.9936,0.0001
1000,0.15,MLP_svd_reconstruct_comps_60_dense_256_047,linf,100,10,0.9936,0.1386
1000,1.0,MLP_svd_reconstruct_comps_60_dense_512_028,l2,40,1,0.9925,0.7978
1000,2.0,MLP_svd_reconstruct_comps_60_dense_512_028,l2,40,1,0.9925,0.1854
1000,0.3,MLP_svd_reconstruct_comps_60_dense_512_028,linf,40,1,0.9925,0.0005
1000,0.15,MLP_svd_reconstruct_comps_60_dense_512_028,linf,40,1,0.9925,0.1856
1000,1.0,MLP_svd_reconstruct_comps_60_dense_512_028,l2,100,1,0.9925,0.7966
1000,2.0,MLP_svd_reconstruct_comps_60_dense_512_028,l2,100,1,0.9925,0.1847
1000,0.3,MLP_svd_reconstruct_comps_60_dense_512_028,linf,100,1,0.9925,0.0005
1000,0.15,MLP_svd_reconstruct_comps_60_dense_512_028,linf,100,1,0.9925,0.1837
1000,1.0,MLP_svd_reconstruct_comps_60_dense_512_028,l2,40,10,0.9925,0.794
1000,2.0,MLP_svd_reconstruct_comps_60_dense_512_028,l2,40,10,0.9925,0.1776
1000,0.3,MLP_svd_reconstruct_comps_60_dense_512_028,linf,40,10,0.9925,0.0003
1000,0.15,MLP_svd_reconstruct_comps_60_dense_512_028,linf,40,10,0.9925,0.1759
1000,1.0,MLP_svd_reconstruct_comps_60_dense_512_028,l2,100,10,0.9925,0.793
1000,2.0,MLP_svd_reconstruct_comps_60_dense_512_028,l2,100,10,0.9925,0.1761
1000,0.3,MLP_svd_reconstruct_comps_60_dense_512_028,linf,100,10,0.9925,0.0002
1000,0.15,MLP_svd_reconstruct_comps_60_dense_512_028,linf,100,10,0.9925,0.176
1000,1.0,MLP_svd_reconstruct_comps_70_dense_128_049,l2,40,1,0.9885,0.7199
1000,2.0,MLP_svd_reconstruct_comps_70_dense_128_049,l2,40,1,0.9885,0.1261
1000,0.3,MLP_svd_reconstruct_comps_70_dense_128_049,linf,40,1,0.9885,0.0001
1000,0.15,MLP_svd_reconstruct_comps_70_dense_128_049,linf,40,1,0.9885,0.1177
1000,1.0,MLP_svd_reconstruct_comps_70_dense_128_049,l2,100,1,0.9885,0.719
1000,2.0,MLP_svd_reconstruct_comps_70_dense_128_049,l2,100,1,0.9885,0.125
1000,0.3,MLP_svd_reconstruct_comps_70_dense_128_049,linf,100,1,0.9885,0.0002
1000,0.15,MLP_svd_reconstruct_comps_70_dense_128_049,linf,100,1,0.9885,0.1186
1000,1.0,MLP_svd_reconstruct_comps_70_dense_128_049,l2,40,10,0.9885,0.7138
1000,2.0,MLP_svd_reconstruct_comps_70_dense_128_049,l2,40,10,0.9885,0.1153
1000,0.3,MLP_svd_reconstruct_comps_70_dense_128_049,linf,40,10,0.9885,0.0
1000,0.15,MLP_svd_reconstruct_comps_70_dense_128_049,linf,40,10,0.9885,0.1076
1000,1.0,MLP_svd_reconstruct_comps_70_dense_128_049,l2,100,10,0.9885,0.7131
1000,2.0,MLP_svd_reconstruct_comps_70_dense_128_049,l2,100,10,0.9885,0.1145
1000,0.3,MLP_svd_reconstruct_comps_70_dense_128_049,linf,100,10,0.9885,0.0
1000,0.15,MLP_svd_reconstruct_comps_70_dense_128_049,linf,100,10,0.9885,0.1069
1000,1.0,MLP_svd_reconstruct_comps_70_dense_256_048,l2,40,1,0.9952,0.7538
1000,2.0,MLP_svd_reconstruct_comps_70_dense_256_048,l2,40,1,0.9952,0.1369
1000,0.3,MLP_svd_reconstruct_comps_70_dense_256_048,linf,40,1,0.9952,0.0001
1000,0.15,MLP_svd_reconstruct_comps_70_dense_256_048,linf,40,1,0.9952,0.1271
1000,1.0,MLP_svd_reconstruct_comps_70_dense_256_048,l2,100,1,0.9952,0.7509
1000,2.0,MLP_svd_reconstruct_comps_70_dense_256_048,l2,100,1,0.9952,0.1355
1000,0.3,MLP_svd_reconstruct_comps_70_dense_256_048,linf,100,1,0.9952,0.0001
1000,0.15,MLP_svd_reconstruct_comps_70_dense_256_048,linf,100,1,0.9952,0.1268
1000,1.0,MLP_svd_reconstruct_comps_70_dense_256_048,l2,40,10,0.9952,0.7472
1000,2.0,MLP_svd_reconstruct_comps_70_dense_256_048,l2,40,10,0.9952,0.1272
1000,0.3,MLP_svd_reconstruct_comps_70_dense_256_048,linf,40,10,0.9952,0.0
1000,0.15,MLP_svd_reconstruct_comps_70_dense_256_048,linf,40,10,0.9952,0.1184
1000,1.0,MLP_svd_reconstruct_comps_70_dense_256_048,l2,100,10,0.9952,0.7469
1000,2.0,MLP_svd_reconstruct_comps_70_dense_256_048,l2,100,10,0.9952,0.1276
1000,0.3,MLP_svd_reconstruct_comps_70_dense_256_048,linf,100,10,0.9952,0.0
1000,0.15,MLP_svd_reconstruct_comps_70_dense_256_048,linf,100,10,0.9952,0.1185
1000,1.0,MLP_svd_reconstruct_comps_70_dense_512_038,l2,40,1,0.9972,0.7735
1000,2.0,MLP_svd_reconstruct_comps_70_dense_512_038,l2,40,1,0.9972,0.1549
1000,0.3,MLP_svd_reconstruct_comps_70_dense_512_038,linf,40,1,0.9972,0.0
1000,0.15,MLP_svd_reconstruct_comps_70_dense_512_038,linf,40,1,0.9972,0.1482
1000,1.0,MLP_svd_reconstruct_comps_70_dense_512_038,l2,100,1,0.9972,0.7729
1000,2.0,MLP_svd_reconstruct_comps_70_dense_512_038,l2,100,1,0.9972,0.1535
1000,0.3,MLP_svd_reconstruct_comps_70_dense_512_038,linf,100,1,0.9972,0.0001
1000,0.15,MLP_svd_reconstruct_comps_70_dense_512_038,linf,100,1,0.9972,0.1476
1000,1.0,MLP_svd_reconstruct_comps_70_dense_512_038,l2,40,10,0.9972,0.7694
1000,2.0,MLP_svd_reconstruct_comps_70_dense_512_038,l2,40,10,0.9972,0.1451
1000,0.3,MLP_svd_reconstruct_comps_70_dense_512_038,linf,40,10,0.9972,0.0
1000,0.15,MLP_svd_reconstruct_comps_70_dense_512_038,linf,40,10,0.9972,0.1403
1000,1.0,MLP_svd_reconstruct_comps_70_dense_512_038,l2,100,10,0.9972,0.7693
1000,2.0,MLP_svd_reconstruct_comps_70_dense_512_038,l2,100,10,0.9972,0.144
1000,0.3,MLP_svd_reconstruct_comps_70_dense_512_038,linf,100,10,0.9972,0.0001
1000,0.15,MLP_svd_reconstruct_comps_70_dense_512_038,linf,100,10,0.9972,0.1398
1000,1.0,MLP_svd_reconstruct_comps_80_dense_128_041,l2,40,1,0.9876,0.7012
1000,2.0,MLP_svd_reconstruct_comps_80_dense_128_041,l2,40,1,0.9876,0.1086
1000,0.3,MLP_svd_reconstruct_comps_80_dense_128_041,linf,40,1,0.9876,0.0
1000,0.15,MLP_svd_reconstruct_comps_80_dense_128_041,linf,40,1,0.9876,0.0947
1000,1.0,MLP_svd_reconstruct_comps_80_dense_128_041,l2,100,1,0.9876,0.7003
1000,2.0,MLP_svd_reconstruct_comps_80_dense_128_041,l2,100,1,0.9876,0.1077
1000,0.3,MLP_svd_reconstruct_comps_80_dense_128_041,linf,100,1,0.9876,0.0
1000,0.15,MLP_svd_reconstruct_comps_80_dense_128_041,linf,100,1,0.9876,0.0938
1000,1.0,MLP_svd_reconstruct_comps_80_dense_128_041,l2,40,10,0.9876,0.6943
1000,2.0,MLP_svd_reconstruct_comps_80_dense_128_041,l2,40,10,0.9876,0.1005
1000,0.3,MLP_svd_reconstruct_comps_80_dense_128_041,linf,40,10,0.9876,0.0
1000,0.15,MLP_svd_reconstruct_comps_80_dense_128_041,linf,40,10,0.9876,0.0867
1000,1.0,MLP_svd_reconstruct_comps_80_dense_128_041,l2,100,10,0.9876,0.693
1000,2.0,MLP_svd_reconstruct_comps_80_dense_128_041,l2,100,10,0.9876,0.0991
1000,0.3,MLP_svd_reconstruct_comps_80_dense_128_041,linf,100,10,0.9876,0.0
1000,0.15,MLP_svd_reconstruct_comps_80_dense_128_041,linf,100,10,0.9876,0.0861
1000,1.0,MLP_svd_reconstruct_comps_80_dense_256_040,l2,40,1,0.9936,0.7425
1000,2.0,MLP_svd_reconstruct_comps_80_dense_256_040,l2,40,1,0.9936,0.1257
1000,0.3,MLP_svd_reconstruct_comps_80_dense_256_040,linf,40,1,0.9936,0.0
1000,0.15,MLP_svd_reconstruct_comps_80_dense_256_040,linf,40,1,0.9936,0.1034
1000,1.0,MLP_svd_reconstruct_comps_80_dense_256_040,l2,100,1,0.9936,0.7414
1000,2.0,MLP_svd_reconstruct_comps_80_dense_256_040,l2,100,1,0.9936,0.1242
1000,0.3,MLP_svd_reconstruct_comps_80_dense_256_040,linf,100,1,0.9936,0.0
1000,0.15,MLP_svd_reconstruct_comps_80_dense_256_040,linf,100,1,0.9936,0.1021
1000,1.0,MLP_svd_reconstruct_comps_80_dense_256_040,l2,40,10,0.9936,0.7384
1000,2.0,MLP_svd_reconstruct_comps_80_dense_256_040,l2,40,10,0.9936,0.1151
1000,0.3,MLP_svd_reconstruct_comps_80_dense_256_040,linf,40,10,0.9936,0.0
1000,0.15,MLP_svd_reconstruct_comps_80_dense_256_040,linf,40,10,0.9936,0.0953
1000,1.0,MLP_svd_reconstruct_comps_80_dense_256_040,l2,100,10,0.9936,0.737
1000,2.0,MLP_svd_reconstruct_comps_80_dense_256_040,l2,100,10,0.9936,0.1139
1000,0.3,MLP_svd_reconstruct_comps_80_dense_256_040,linf,100,10,0.9936,0.0
1000,0.15,MLP_svd_reconstruct_comps_80_dense_256_040,linf,100,10,0.9936,0.0953
1000,1.0,MLP_svd_reconstruct_comps_80_dense_512_032,l2,40,1,0.9967,0.7716
1000,2.0,MLP_svd_reconstruct_comps_80_dense_512_032,l2,40,1,0.9967,0.1436
1000,0.3,MLP_svd_reconstruct_comps_80_dense_512_032,linf,40,1,0.9967,0.0
1000,0.15,MLP_svd_reconstruct_comps_80_dense_512_032,linf,40,1,0.9967,0.1265
1000,1.0,MLP_svd_reconstruct_comps_80_dense_512_032,l2,100,1,0.9967,0.7706
1000,2.0,MLP_svd_reconstruct_comps_80_dense_512_032,l2,100,1,0.9967,0.1433
1000,0.3,MLP_svd_reconstruct_comps_80_dense_512_032,linf,100,1,0.9967,0.0001
1000,0.15,MLP_svd_reconstruct_comps_80_dense_512_032,linf,100,1,0.9967,0.1256
1000,1.0,MLP_svd_reconstruct_comps_80_dense_512_032,l2,40,10,0.9967,0.7669
1000,2.0,MLP_svd_reconstruct_comps_80_dense_512_032,l2,40,10,0.9967,0.1357
1000,0.3,MLP_svd_reconstruct_comps_80_dense_512_032,linf,40,10,0.9967,0.0
1000,0.15,MLP_svd_reconstruct_comps_80_dense_512_032,linf,40,10,0.9967,0.1188
1000,1.0,MLP_svd_reconstruct_comps_80_dense_512_032,l2,100,10,0.9967,0.7662
1000,2.0,MLP_svd_reconstruct_comps_80_dense_512_032,l2,100,10,0.9967,0.135
1000,0.3,MLP_svd_reconstruct_comps_80_dense_512_032,linf,100,10,0.9967,0.0
1000,0.15,MLP_svd_reconstruct_comps_80_dense_512_032,linf,100,10,0.9967,0.1184
1000,1.0,MLP_svd_reconstruct_comps_90_dense_128_049,l2,40,1,0.991,0.6776
1000,2.0,MLP_svd_reconstruct_comps_90_dense_128_049,l2,40,1,0.991,0.0936
1000,0.3,MLP_svd_reconstruct_comps_90_dense_128_049,linf,40,1,0.991,0.0
1000,0.15,MLP_svd_reconstruct_comps_90_dense_128_049,linf,40,1,0.991,0.0771
1000,1.0,MLP_svd_reconstruct_comps_90_dense_128_049,l2,100,1,0.991,0.6766
1000,2.0,MLP_svd_reconstruct_comps_90_dense_128_049,l2,100,1,0.991,0.092
1000,0.3,MLP_svd_reconstruct_comps_90_dense_128_049,linf,100,1,0.991,0.0
1000,0.15,MLP_svd_reconstruct_comps_90_dense_128_049,linf,100,1,0.991,0.0758
1000,1.0,MLP_svd_reconstruct_comps_90_dense_128_049,l2,40,10,0.991,0.6706
1000,2.0,MLP_svd_reconstruct_comps_90_dense_128_049,l2,40,10,0.991,0.085
1000,0.3,MLP_svd_reconstruct_comps_90_dense_128_049,linf,40,10,0.991,0.0
1000,0.15,MLP_svd_reconstruct_comps_90_dense_128_049,linf,40,10,0.991,0.0689
1000,1.0,MLP_svd_reconstruct_comps_90_dense_128_049,l2,100,10,0.991,0.6687
1000,2.0,MLP_svd_reconstruct_comps_90_dense_128_049,l2,100,10,0.991,0.0846
1000,0.3,MLP_svd_reconstruct_comps_90_dense_128_049,linf,100,10,0.991,0.0
1000,0.15,MLP_svd_reconstruct_comps_90_dense_128_049,linf,100,10,0.991,0.0688
1000,1.0,MLP_svd_reconstruct_comps_90_dense_256_044,l2,40,1,0.996,0.7244
1000,2.0,MLP_svd_reconstruct_comps_90_dense_256_044,l2,40,1,0.996,0.1018
1000,0.3,MLP_svd_reconstruct_comps_90_dense_256_044,linf,40,1,0.996,0.0
1000,0.15,MLP_svd_reconstruct_comps_90_dense_256_044,linf,40,1,0.996,0.0842
1000,1.0,MLP_svd_reconstruct_comps_90_dense_256_044,l2,100,1,0.996,0.7231
1000,2.0,MLP_svd_reconstruct_comps_90_dense_256_044,l2,100,1,0.996,0.1012
1000,0.3,MLP_svd_reconstruct_comps_90_dense_256_044,linf,100,1,0.996,0.0
1000,0.15,MLP_svd_reconstruct_comps_90_dense_256_044,linf,100,1,0.996,0.0828
1000,1.0,MLP_svd_reconstruct_comps_90_dense_256_044,l2,40,10,0.996,0.7184
1000,2.0,MLP_svd_reconstruct_comps_90_dense_256_044,l2,40,10,0.996,0.0951
1000,0.3,MLP_svd_reconstruct_comps_90_dense_256_044,linf,40,10,0.996,0.0
1000,0.15,MLP_svd_reconstruct_comps_90_dense_256_044,linf,40,10,0.996,0.0769
1000,1.0,MLP_svd_reconstruct_comps_90_dense_256_044,l2,100,10,0.996,0.717
1000,2.0,MLP_svd_reconstruct_comps_90_dense_256_044,l2,100,10,0.996,0.0935
1000,0.3,MLP_svd_reconstruct_comps_90_dense_256_044,linf,100,10,0.996,0.0
1000,0.15,MLP_svd_reconstruct_comps_90_dense_256_044,linf,100,10,0.996,0.077
1000,1.0,MLP_svd_reconstruct_comps_90_dense_512_028,l2,40,1,0.996,0.7641
1000,2.0,MLP_svd_reconstruct_comps_90_dense_512_028,l2,40,1,0.996,0.1359
1000,0.3,MLP_svd_reconstruct_comps_90_dense_512_028,linf,40,1,0.996,0.0
1000,0.15,MLP_svd_reconstruct_comps_90_dense_512_028,linf,40,1,0.996,0.1195
1000,1.0,MLP_svd_reconstruct_comps_90_dense_512_028,l2,100,1,0.996,0.763
1000,2.0,MLP_svd_reconstruct_comps_90_dense_512_028,l2,100,1,0.996,0.1348
1000,0.3,MLP_svd_reconstruct_comps_90_dense_512_028,linf,100,1,0.996,0.0
1000,0.15,MLP_svd_reconstruct_comps_90_dense_512_028,linf,100,1,0.996,0.1193
1000,1.0,MLP_svd_reconstruct_comps_90_dense_512_028,l2,40,10,0.996,0.7595
1000,2.0,MLP_svd_reconstruct_comps_90_dense_512_028,l2,40,10,0.996,0.1293
1000,0.3,MLP_svd_reconstruct_comps_90_dense_512_028,linf,40,10,0.996,0.0
1000,0.15,MLP_svd_reconstruct_comps_90_dense_512_028,linf,40,10,0.996,0.1117
1000,1.0,MLP_svd_reconstruct_comps_90_dense_512_028,l2,100,10,0.996,0.7586
1000,2.0,MLP_svd_reconstruct_comps_90_dense_512_028,l2,100,10,0.996,0.1277
1000,0.3,MLP_svd_reconstruct_comps_90_dense_512_028,linf,100,10,0.996,0.0
1000,0.15,MLP_svd_reconstruct_comps_90_dense_512_028,linf,100,10,0.996,0.1123
